INSERT INTO sys_api (id, handle, name, path, type, method, project, bus, func, is_history, created_at, updated_at, deleted_at, create_by, update_by) VALUES (5, 'go-admin/app/admin/apis.SysLoginLog.Get-fm', '登录日志通过id获取', '/api/v1/sys-login-log/:id', 'BUS', 'GET', 'admin', 'SysLoginLog', 'Get', '0', '2021-05-13 19:59:00.728', '2022-05-17 12:02:23.793', null, '0', 0);
INSERT INTO sys_api (id, handle, name, path, type, method, project, bus, func, is_history, created_at, updated_at, deleted_at, create_by, update_by) VALUES (6, 'go-admin/app/admin/apis.SysOperaLog.GetPage-fm', '操作日志列表', '/api/v1/sys-opera-log', 'BUS', 'GET', null, null, null, '1', '2021-05-13 19:59:00.778', '2022-09-21 19:13:12.474', null, '0', 0);
INSERT INTO sys_api (id, handle, name, path, type, method, project, bus, func, is_history, created_at, updated_at, deleted_at, create_by, update_by) VALUES (7, 'go-admin/app/admin/apis.SysOperaLog.Get-fm', '操作日志通过id获取', '/api/v1/sys-opera-log/:id', 'BUS', 'GET', null, null, null, '1', '2021-05-13 19:59:00.821', '2022-09-21 19:13:12.474', null, '0', 0);
INSERT INTO sys_api (id, handle, name, path, type, method, project, bus, func, is_history, created_at, updated_at, deleted_at, create_by, update_by) VALUES (8, 'go-admin/common/actions.IndexAction.func1', '分类列表', '/api/v1/syscategory', 'BUS', 'GET', null, null, null, '1', '2021-05-13 19:59:00.870', '2022-09-21 19:13:12.474', null, '0', 0);
INSERT INTO sys_api (id, handle, name, path, type, method, project, bus, func, is_history, created_at, updated_at, deleted_at, create_by, update_by) VALUES (9, 'go-admin/common/actions.ViewAction.func1', '分类通过id获取', '/api/v1/syscategory/:id', 'BUS', 'GET', null, null, null, '1', '2021-05-13 19:59:00.945', '2022-09-21 19:13:12.474', null, '0', 0);
INSERT INTO sys_api (id, handle, name, path, type, method, project, bus, func, is_history, created_at, updated_at, deleted_at, create_by, update_by) VALUES (10, 'go-admin/common/actions.IndexAction.func1', '内容列表', '/api/v1/syscontent', 'BUS', 'GET', null, null, null, '1', '2021-05-13 19:59:01.005', '2022-09-21 19:13:12.474', null, '0', 0);
INSERT INTO sys_api (id, handle, name, path, type, method, project, bus, func, is_history, created_at, updated_at, deleted_at, create_by, update_by) VALUES (11, 'go-admin/common/actions.ViewAction.func1', '内容通过id获取', '/api/v1/syscontent/:id', 'BUS', 'GET', null, null, null, '1', '2021-05-13 19:59:01.056', '2022-09-21 19:13:12.474', null, '0', 0);
INSERT INTO sys_api (id, handle, name, path, type, method, project, bus, func, is_history, created_at, updated_at, deleted_at, create_by, update_by) VALUES (15, 'go-admin/common/actions.IndexAction.func1', 'job列表', '/api/v1/sysjob', 'BUS', 'GET', null, null, null, '1', '2021-05-13 19:59:01.248', '2022-09-21 19:13:12.474', null, '0', 0);
INSERT INTO sys_api (id, handle, name, path, type, method, project, bus, func, is_history, created_at, updated_at, deleted_at, create_by, update_by) VALUES (16, 'go-admin/common/actions.ViewAction.func1', 'job通过id获取', '/api/v1/sysjob/:id', 'BUS', 'GET', null, null, null, '1', '2021-05-13 19:59:01.298', '2022-09-21 19:13:12.474', null, '0', 0);
INSERT INTO sys_api (id, handle, name, path, type, method, project, bus, func, is_history, created_at, updated_at, deleted_at, create_by, update_by) VALUES (21, 'go-admin/app/admin/apis.SysDictType.GetPage-fm', '字典类型列表', '/api/v1/dict/type', 'BUS', 'GET', 'admin', 'SysDictType', 'GetPage', '0', '2021-05-13 19:59:01.525', '2022-05-17 12:02:23.863', null, '0', 0);
INSERT INTO sys_api (id, handle, name, path, type, method, project, bus, func, is_history, created_at, updated_at, deleted_at, create_by, update_by) VALUES (22, 'go-admin/app/admin/apis.SysDictType.GetAll-fm', '字典类型查询【代码生成】', '/api/v1/dict/type-option-select', 'SYS', 'GET', 'admin', 'SysDictType', 'GetAll', '0', '2021-05-13 19:59:01.582', '2022-05-17 12:02:23.868', null, '0', 0);
INSERT INTO sys_api (id, handle, name, path, type, method, project, bus, func, is_history, created_at, updated_at, deleted_at, create_by, update_by) VALUES (23, 'go-admin/app/admin/apis.SysDictType.Get-fm', '字典类型通过id获取', '/api/v1/dict/type/:id', 'BUS', 'GET', 'admin', 'SysDictType', 'Get', '0', '2021-05-13 19:59:01.632', '2022-05-17 12:02:23.872', null, '0', 0);
INSERT INTO sys_api (id, handle, name, path, type, method, project, bus, func, is_history, created_at, updated_at, deleted_at, create_by, update_by) VALUES (24, 'go-admin/app/admin/apis.SysDictData.GetPage-fm', '字典数据列表', '/api/v1/dict/data', 'BUS', 'GET', 'admin', 'SysDictData', 'GetPage', '0', '2021-05-13 19:59:01.684', '2022-05-17 12:02:23.876', null, '0', 0);
INSERT INTO sys_api (id, handle, name, path, type, method, project, bus, func, is_history, created_at, updated_at, deleted_at, create_by, update_by) VALUES (25, 'go-admin/app/admin/apis.SysDictData.Get-fm', '字典数据通过code获取', '/api/v1/dict/data/:dictCode', 'BUS', 'GET', 'admin', 'SysDictData', 'Get', '0', '2021-05-13 19:59:01.732', '2022-05-17 12:02:23.881', null, '0', 0);
INSERT INTO sys_api (id, handle, name, path, type, method, project, bus, func, is_history, created_at, updated_at, deleted_at, create_by, update_by) VALUES (26, 'go-admin/app/admin/apis.SysDictData.GetSysDictDataAll-fm', '数据字典根据key获取', '/api/v1/dict-data/option-select', 'SYS', 'GET', 'admin', 'SysDictData', 'GetAll', '1', '2021-05-13 19:59:01.832', '2022-05-17 12:02:23.885', null, '0', 0);
INSERT INTO sys_api (id, handle, name, path, type, method, project, bus, func, is_history, created_at, updated_at, deleted_at, create_by, update_by) VALUES (27, 'go-admin/app/admin/apis.SysDept.GetPage-fm', '部门列表', '/api/v1/dept', 'BUS', 'GET', 'admin', 'SysDept', 'GetPage', '0', '2021-05-13 19:59:01.940', '2022-09-21 20:38:12.344', null, '0', 0);
INSERT INTO sys_api (id, handle, name, path, type, method, project, bus, func, is_history, created_at, updated_at, deleted_at, create_by, update_by) VALUES (28, 'go-admin/app/admin/apis.SysDept.Get-fm', '部门通过id获取', '/api/v1/dept/:id', 'BUS', 'GET', 'admin', 'SysDept', 'Get', '0', '2021-05-13 19:59:02.009', '2022-09-21 20:38:01.032', null, '0', 0);
INSERT INTO sys_api (id, handle, name, path, type, method, project, bus, func, is_history, created_at, updated_at, deleted_at, create_by, update_by) VALUES (29, 'go-admin/app/admin/apis.SysDept.Get2Tree-fm', '查询部门下拉树【角色权限-自定权限】', '/api/v1/deptTree', 'SYS', 'GET', 'admin', 'SysDept', 'Get2Tree', '0', '2021-05-13 19:59:02.050', '2022-05-17 12:02:23.899', null, '0', 0);
INSERT INTO sys_api (id, handle, name, path, type, method, project, bus, func, is_history, created_at, updated_at, deleted_at, create_by, update_by) VALUES (30, 'go-admin/app/admin/apis/tools.(*Gen).GetDBTableList-fm', '数据库表列表', '/api/v1/db/tables/page', 'SYS', 'GET', null, null, null, '1', '2021-05-13 19:59:02.098', '2022-05-08 04:17:02.475', null, '0', 0);
INSERT INTO sys_api (id, handle, name, path, type, method, project, bus, func, is_history, created_at, updated_at, deleted_at, create_by, update_by) VALUES (31, 'go-admin/app/admin/apis/tools.(*Gen).GetDBColumnList-fm', '数据表列列表', '/api/v1/db/columns/page', 'SYS', 'GET', null, null, null, '1', '2021-05-13 19:59:02.140', '2022-05-08 04:17:02.476', null, '0', 0);
INSERT INTO sys_api (id, handle, name, path, type, method, project, bus, func, is_history, created_at, updated_at, deleted_at, create_by, update_by) VALUES (32, 'go-admin/app/admin/apis/tools.Gen.GenCode-fm', '数据库表生成到项目', '/api/v1/gen/toproject/:tableId', 'SYS', 'GET', null, null, null, '1', '2021-05-13 19:59:02.183', '2022-05-08 04:17:02.476', null, '0', 0);
INSERT INTO sys_api (id, handle, name, path, type, method, project, bus, func, is_history, created_at, updated_at, deleted_at, create_by, update_by) VALUES (33, 'go-admin/app/admin/apis/tools.Gen.GenMenuAndApi-fm', '数据库表生成到DB', '/api/v1/gen/todb/:tableId', 'SYS', 'GET', null, null, null, '1', '2021-05-13 19:59:02.227', '2022-05-08 04:17:02.477', null, '0', 0);
INSERT INTO sys_api (id, handle, name, path, type, method, project, bus, func, is_history, created_at, updated_at, deleted_at, create_by, update_by) VALUES (34, 'go-admin/app/admin/apis/tools.(*SysTable).GetSysTablesTree-fm', '关系表数据【代码生成】', '/api/v1/gen/tabletree', 'SYS', 'GET', null, null, null, '1', '2021-05-13 19:59:02.271', '2022-05-08 04:17:02.477', null, '0', 0);
INSERT INTO sys_api (id, handle, name, path, type, method, project, bus, func, is_history, created_at, updated_at, deleted_at, create_by, update_by) VALUES (35, 'go-admin/app/admin/apis/tools.Gen.Preview-fm', '生成预览通过id获取', '/api/v1/gen/preview/:tableId', 'SYS', 'GET', null, null, null, '1', '2021-05-13 19:59:02.315', '2022-05-08 04:17:02.478', null, '0', 0);
INSERT INTO sys_api (id, handle, name, path, type, method, project, bus, func, is_history, created_at, updated_at, deleted_at, create_by, update_by) VALUES (36, 'go-admin/app/admin/apis/tools.Gen.GenApiToFile-fm', '生成api带文件', '/api/v1/gen/apitofile/:tableId', 'SYS', 'GET', null, null, null, '1', '2021-05-13 19:59:02.357', '2022-05-08 04:17:02.478', null, '0', 0);
INSERT INTO sys_api (id, handle, name, path, type, method, project, bus, func, is_history, created_at, updated_at, deleted_at, create_by, update_by) VALUES (37, 'go-admin/app/admin/apis.System.GenerateCaptchaHandler-fm', '验证码获取', '/api/v1/getCaptcha', 'SYS', 'GET', null, null, null, '1', '2021-05-13 19:59:02.405', '2022-09-21 19:13:12.474', null, '0', 0);
INSERT INTO sys_api (id, handle, name, path, type, method, project, bus, func, is_history, created_at, updated_at, deleted_at, create_by, update_by) VALUES (38, 'go-admin/app/admin/apis.SysUser.GetInfo-fm', '用户信息获取', '/api/v1/getinfo', 'SYS', 'GET', 'admin', 'SysUser', 'GetInfo', '0', '2021-05-13 19:59:02.447', '2022-05-17 12:02:23.963', null, '0', 0);
INSERT INTO sys_api (id, handle, name, path, type, method, project, bus, func, is_history, created_at, updated_at, deleted_at, create_by, update_by) VALUES (39, 'go-admin/app/admin/apis.SysMenu.GetPage-fm', '菜单列表', '/api/v1/menu', 'BUS', 'GET', 'admin', 'SysMenu', 'GetPage', '0', '2021-05-13 19:59:02.497', '2022-09-21 20:19:26.658', null, '0', 0);
INSERT INTO sys_api (id, handle, name, path, type, method, project, bus, func, is_history, created_at, updated_at, deleted_at, create_by, update_by) VALUES (40, 'go-admin/app/admin/apis.SysMenu.GetMenuTreeSelect-fm', '查询菜单下拉树结构【废弃】', '/api/v1/menuTreeselect', 'SYS', 'GET', null, null, null, '1', '2021-05-13 19:59:02.542', '2022-09-21 19:13:12.474', null, '0', 0);
INSERT INTO sys_api (id, handle, name, path, type, method, project, bus, func, is_history, created_at, updated_at, deleted_at, create_by, update_by) VALUES (41, 'go-admin/app/admin/apis.SysMenu.Get-fm', '菜单通过id获取', '/api/v1/menu/:id', 'BUS', 'GET', 'admin', 'SysMenu', 'Get', '0', '2021-05-13 19:59:02.584', '2022-09-21 20:20:30.407', null, '0', 0);
INSERT INTO sys_api (id, handle, name, path, type, method, project, bus, func, is_history, created_at, updated_at, deleted_at, create_by, update_by) VALUES (42, 'go-admin/app/admin/apis.SysMenu.GetMenuRole-fm', '角色菜单【顶部左侧菜单】', '/api/v1/menurole', 'SYS', 'GET', 'admin', 'SysMenu', 'GetMenuRole', '0', '2021-05-13 19:59:02.630', '2022-05-17 12:02:23.998', null, '0', 0);
INSERT INTO sys_api (id, handle, name, path, type, method, project, bus, func, is_history, created_at, updated_at, deleted_at, create_by, update_by) VALUES (43, 'go-admin/app/admin/apis.SysMenu.GetMenuIDS-fm', '获取角色对应的菜单id数组【废弃】', '/api/v1/menuids', 'SYS', 'GET', null, null, null, '1', '2021-05-13 19:59:02.675', '2022-09-21 19:13:12.474', null, '0', 0);
INSERT INTO sys_api (id, handle, name, path, type, method, project, bus, func, is_history, created_at, updated_at, deleted_at, create_by, update_by) VALUES (44, 'go-admin/app/admin/apis.SysRole.GetPage-fm', '角色列表', '/api/v1/role', 'BUS', 'GET', 'admin', 'SysRole', 'GetPage', '0', '2021-05-13 19:59:02.720', '2022-09-21 20:20:57.974', null, '0', 0);
INSERT INTO sys_api (id, handle, name, path, type, method, project, bus, func, is_history, created_at, updated_at, deleted_at, create_by, update_by) VALUES (45, 'go-admin/app/admin/apis.SysMenu.GetMenuTreeSelect-fm', '菜单权限列表【角色配菜单使用】', '/api/v1/roleMenuTreeselect/:roleId', 'SYS', 'GET', 'admin', 'SysMenu', 'GetMenuTreeSelect', '0', '2021-05-13 19:59:02.762', '2022-05-17 12:02:23.921', null, '0', 0);
INSERT INTO sys_api (id, handle, name, path, type, method, project, bus, func, is_history, created_at, updated_at, deleted_at, create_by, update_by) VALUES (46, 'go-admin/app/admin/apis.SysDept.GetDeptTreeRoleSelect-fm', '角色部门结构树【自定义数据权限】', '/api/v1/roleDeptTreeselect/:roleId', 'SYS', 'GET', 'admin', 'SysDept', 'GetDeptTreeRoleSelect', '0', '2021-05-13 19:59:02.809', '2022-05-17 12:02:23.926', null, '0', 0);
INSERT INTO sys_api (id, handle, name, path, type, method, project, bus, func, is_history, created_at, updated_at, deleted_at, create_by, update_by) VALUES (47, 'go-admin/app/admin/apis.SysRole.Get-fm', '角色通过id获取', '/api/v1/role/:id', 'BUS', 'GET', 'admin', 'SysRole', 'Get', '0', '2021-05-13 19:59:02.850', '2022-09-21 20:21:27.089', null, '0', 0);
INSERT INTO sys_api (id, handle, name, path, type, method, project, bus, func, is_history, created_at, updated_at, deleted_at, create_by, update_by) VALUES (48, 'github.com/go-admin-team/go-admin-core/sdk/pkg/jwtauth.(*GinJWTMiddleware).RefreshHandler-fm', '刷新token', '/api/v1/refresh_token', 'SYS', 'GET', null, null, null, '1', '2021-05-13 19:59:02.892', '2022-05-08 04:17:02.479', null, '0', 0);
INSERT INTO sys_api (id, handle, name, path, type, method, project, bus, func, is_history, created_at, updated_at, deleted_at, create_by, update_by) VALUES (53, 'go-admin/app/admin/apis.SysConfig.GetPage-fm', '参数列表', '/api/v1/config', 'BUS', 'GET', 'admin', 'SysConfig', 'GetPage', '1', '2021-05-13 19:59:03.116', '2022-09-21 19:13:12.474', null, '0', 0);
INSERT INTO sys_api (id, handle, name, path, type, method, project, bus, func, is_history, created_at, updated_at, deleted_at, create_by, update_by) VALUES (54, 'go-admin/app/admin/apis.SysConfig.Get-fm', '参数通过id获取', '/api/v1/config/:id', 'BUS', 'GET', 'admin', 'SysConfig', 'Get', '1', '2021-05-13 19:59:03.157', '2022-09-21 19:13:12.474', null, '0', 0);
INSERT INTO sys_api (id, handle, name, path, type, method, project, bus, func, is_history, created_at, updated_at, deleted_at, create_by, update_by) VALUES (55, 'go-admin/app/admin/apis.SysConfig.GetSysConfigByKEYForService-fm', '参数通过键名搜索【基础默认配置】', '/api/v1/configKey/:configKey', 'SYS', 'GET', 'admin', 'SysConfig', 'GetSysConfigByKEYForService', '0', '2021-05-13 19:59:03.198', '2022-05-17 12:02:23.977', null, '0', 0);
INSERT INTO sys_api (id, handle, name, path, type, method, project, bus, func, is_history, created_at, updated_at, deleted_at, create_by, update_by) VALUES (57, 'go-admin/app/jobs/apis.SysJob.RemoveJobForService-fm', 'job移除', '/api/v1/job/remove/:id', 'BUS', 'GET', 'jobs', 'SysJob', 'RemoveJobForService', '1', '2021-05-13 19:59:03.295', '2022-06-02 15:38:06.695', null, '0', 0);
INSERT INTO sys_api (id, handle, name, path, type, method, project, bus, func, is_history, created_at, updated_at, deleted_at, create_by, update_by) VALUES (58, 'go-admin/app/jobs/apis.SysJob.StartJobForService-fm', 'job启动', '/api/v1/job/start/:id', 'BUS', 'GET', 'jobs', 'SysJob', 'StartJobForService', '1', '2021-05-13 19:59:03.339', '2022-06-02 15:38:06.699', null, '0', 0);
INSERT INTO sys_api (id, handle, name, path, type, method, project, bus, func, is_history, created_at, updated_at, deleted_at, create_by, update_by) VALUES (59, 'go-admin/app/admin/apis.SysPost.GetPage-fm', '岗位列表', '/api/v1/post', 'BUS', 'GET', 'admin', 'SysPost', 'GetPage', '0', '2021-05-13 19:59:03.381', '2022-05-18 14:26:49.330', null, '0', 0);
INSERT INTO sys_api (id, handle, name, path, type, method, project, bus, func, is_history, created_at, updated_at, deleted_at, create_by, update_by) VALUES (60, 'go-admin/app/admin/apis.SysPost.Get-fm', '岗位通过id获取', '/api/v1/post/:id', 'BUS', 'GET', 'admin', 'SysPost', 'Get', '0', '2021-05-13 19:59:03.433', '2022-05-17 12:02:24.011', null, '0', 0);
INSERT INTO sys_api (id, handle, name, path, type, method, project, bus, func, is_history, created_at, updated_at, deleted_at, create_by, update_by) VALUES (62, 'go-admin/app/admin/apis.SysConfig.GetSysConfigBySysApp-fm', '系统前端参数', '/api/v1/app-config', 'SYS', 'GET', 'admin', 'SysConfig', 'Get2SysApp', '1', '2021-05-13 19:59:03.526', '2022-05-17 12:02:24.065', null, '0', 0);
INSERT INTO sys_api (id, handle, name, path, type, method, project, bus, func, is_history, created_at, updated_at, deleted_at, create_by, update_by) VALUES (63, 'go-admin/app/admin/apis.SysUser.GetProfile-fm', '*用户信息获取', '/api/v1/user/profile', 'SYS', 'GET', 'admin', 'SysUser', 'GetProfile', '0', '2021-05-13 19:59:03.567', '2022-05-17 12:02:24.094', null, '0', 0);
INSERT INTO sys_api (id, handle, name, path, type, method, project, bus, func, is_history, created_at, updated_at, deleted_at, create_by, update_by) VALUES (66, 'github.com/go-admin-team/go-admin-core/sdk/pkg/ws.(*Manager).WsClient-fm', '链接ws【定时任务log】', '/ws/:id/:channel', 'BUS', 'GET', null, null, null, '0', '2021-05-13 19:59:03.705', '2021-06-13 20:53:50.167', null, '0', 0);
INSERT INTO sys_api (id, handle, name, path, type, method, project, bus, func, is_history, created_at, updated_at, deleted_at, create_by, update_by) VALUES (67, 'github.com/go-admin-team/go-admin-core/sdk/pkg/ws.(*Manager).UnWsClient-fm', '退出ws【定时任务log】', '/wslogout/:id/:channel', 'BUS', 'GET', null, null, null, '0', '2021-05-13 19:59:03.756', '2021-06-13 20:53:50.209', null, '0', 0);
INSERT INTO sys_api (id, handle, name, path, type, method, project, bus, func, is_history, created_at, updated_at, deleted_at, create_by, update_by) VALUES (68, 'go-admin/common/middleware/handler.Ping', '*用户基本信息', '/info', 'SYS', 'GET', null, null, null, '0', '2021-05-13 19:59:03.800', '2021-06-13 20:53:50.251', null, '0', 0);
INSERT INTO sys_api (id, handle, name, path, type, method, project, bus, func, is_history, created_at, updated_at, deleted_at, create_by, update_by) VALUES (72, 'go-admin/common/actions.CreateAction.func1', '分类创建', '/api/v1/syscategory', 'BUS', 'POST', null, null, null, '1', '2021-05-13 19:59:03.982', '2022-09-21 19:13:12.474', null, '0', 0);
INSERT INTO sys_api (id, handle, name, path, type, method, project, bus, func, is_history, created_at, updated_at, deleted_at, create_by, update_by) VALUES (73, 'go-admin/common/actions.CreateAction.func1', '内容创建', '/api/v1/syscontent', 'BUS', 'POST', null, null, null, '1', '2021-05-13 19:59:04.027', '2022-09-21 19:13:12.474', null, '0', 0);
INSERT INTO sys_api (id, handle, name, path, type, method, project, bus, func, is_history, created_at, updated_at, deleted_at, create_by, update_by) VALUES (76, 'go-admin/common/actions.CreateAction.func1', 'job创建', '/api/v1/sysjob', 'BUS', 'POST', null, null, null, '1', '2021-05-13 19:59:04.164', '2022-09-21 19:13:12.474', null, '0', 0);
INSERT INTO sys_api (id, handle, name, path, type, method, project, bus, func, is_history, created_at, updated_at, deleted_at, create_by, update_by) VALUES (80, 'go-admin/app/admin/apis.SysDictData.Insert-fm', '字典数据创建', '/api/v1/dict/data', 'BUS', 'POST', 'admin', 'SysDictData', 'Insert', '0', '2021-05-13 19:59:04.347', '2022-05-17 12:02:24.145', null, '0', 0);
INSERT INTO sys_api (id, handle, name, path, type, method, project, bus, func, is_history, created_at, updated_at, deleted_at, create_by, update_by) VALUES (81, 'go-admin/app/admin/apis.SysDictType.Insert-fm', '字典类型创建', '/api/v1/dict/type', 'BUS', 'POST', 'admin', 'SysDictType', 'Insert', '0', '2021-05-13 19:59:04.391', '2022-05-17 12:02:24.149', null, '0', 0);
INSERT INTO sys_api (id, handle, name, path, type, method, project, bus, func, is_history, created_at, updated_at, deleted_at, create_by, update_by) VALUES (82, 'go-admin/app/admin/apis.SysDept.Insert-fm', '部门创建', '/api/v1/dept', 'BUS', 'POST', 'admin', 'SysDept', 'Insert', '0', '2021-05-13 19:59:04.435', '2022-09-21 20:38:19.005', null, '0', 0);
INSERT INTO sys_api (id, handle, name, path, type, method, project, bus, func, is_history, created_at, updated_at, deleted_at, create_by, update_by) VALUES (85, 'github.com/go-admin-team/go-admin-core/sdk/pkg/jwtauth.(*GinJWTMiddleware).LoginHandler-fm', '*登录', '/api/v1/login', 'SYS', 'POST', null, null, null, '1', '2021-05-13 19:59:04.597', '2022-05-08 04:17:02.482', null, '0', 0);
INSERT INTO sys_api (id, handle, name, path, type, method, project, bus, func, is_history, created_at, updated_at, deleted_at, create_by, update_by) VALUES (86, 'go-admin/common/middleware/handler.LogOut', '*退出', '/api/v1/logout', 'SYS', 'POST', null, null, null, '0', '2021-05-13 19:59:04.642', '2021-06-13 20:53:50.824', null, '0', 0);
INSERT INTO sys_api (id, handle, name, path, type, method, project, bus, func, is_history, created_at, updated_at, deleted_at, create_by, update_by) VALUES (87, 'go-admin/app/admin/apis.SysConfig.Insert-fm', '参数创建', '/api/v1/config', 'BUS', 'POST', 'admin', 'SysConfig', 'Insert', '1', '2021-05-13 19:59:04.685', '2022-09-21 19:13:12.474', null, '0', 0);
INSERT INTO sys_api (id, handle, name, path, type, method, project, bus, func, is_history, created_at, updated_at, deleted_at, create_by, update_by) VALUES (88, 'go-admin/app/admin/apis.SysMenu.Insert-fm', '菜单创建', '/api/v1/menu', 'BUS', 'POST', 'admin', 'SysMenu', 'Insert', '0', '2021-05-13 19:59:04.777', '2022-09-21 20:19:34.272', null, '0', 0);
INSERT INTO sys_api (id, handle, name, path, type, method, project, bus, func, is_history, created_at, updated_at, deleted_at, create_by, update_by) VALUES (89, 'go-admin/app/admin/apis.SysPost.Insert-fm', '岗位创建', '/api/v1/post', 'BUS', 'POST', 'admin', 'SysPost', 'Insert', '0', '2021-05-13 19:59:04.886', '2022-05-17 12:02:24.140', null, '0', 0);
INSERT INTO sys_api (id, handle, name, path, type, method, project, bus, func, is_history, created_at, updated_at, deleted_at, create_by, update_by) VALUES (90, 'go-admin/app/admin/apis.SysRole.Insert-fm', '角色创建', '/api/v1/role', 'BUS', 'POST', 'admin', 'SysRole', 'Insert', '0', '2021-05-13 19:59:04.975', '2022-09-21 20:21:04.292', null, '0', 0);
INSERT INTO sys_api (id, handle, name, path, type, method, project, bus, func, is_history, created_at, updated_at, deleted_at, create_by, update_by) VALUES (91, 'go-admin/app/admin/apis.SysUser.InsetAvatar-fm', '*用户头像编辑', '/api/v1/user/avatar', 'SYS', 'POST', 'admin', 'SysUser', 'InsetAvatar', '0', '2021-05-13 19:59:05.058', '2022-05-17 12:02:24.185', null, '0', 0);
INSERT INTO sys_api (id, handle, name, path, type, method, project, bus, func, is_history, created_at, updated_at, deleted_at, create_by, update_by) VALUES (92, 'go-admin/app/admin/apis.SysApi.Update-fm', '接口编辑', '/api/v1/sys-api/:id', 'BUS', 'PUT', 'admin', 'SysApi', 'Update', '0', '2021-05-13 19:59:05.122', '2022-09-21 20:51:17.718', null, '0', 0);
INSERT INTO sys_api (id, handle, name, path, type, method, project, bus, func, is_history, created_at, updated_at, deleted_at, create_by, update_by) VALUES (95, 'go-admin/common/actions.UpdateAction.func1', '分类编辑', '/api/v1/syscategory/:id', 'BUS', 'PUT', null, null, null, '1', '2021-05-13 19:59:05.255', '2022-09-21 19:13:12.474', null, '0', 0);
INSERT INTO sys_api (id, handle, name, path, type, method, project, bus, func, is_history, created_at, updated_at, deleted_at, create_by, update_by) VALUES (96, 'go-admin/common/actions.UpdateAction.func1', '内容编辑', '/api/v1/syscontent/:id', 'BUS', 'PUT', null, null, null, '1', '2021-05-13 19:59:05.299', '2022-09-21 19:13:12.474', null, '0', 0);
INSERT INTO sys_api (id, handle, name, path, type, method, project, bus, func, is_history, created_at, updated_at, deleted_at, create_by, update_by) VALUES (97, 'go-admin/common/actions.UpdateAction.func1', 'job编辑', '/api/v1/sysjob', 'BUS', 'PUT', null, null, null, '1', '2021-05-13 19:59:05.343', '2022-09-21 19:13:12.474', null, '0', 0);
INSERT INTO sys_api (id, handle, name, path, type, method, project, bus, func, is_history, created_at, updated_at, deleted_at, create_by, update_by) VALUES (101, 'go-admin/app/admin/apis.SysDictData.Update-fm', '字典数据编辑', '/api/v1/dict/data/:dictCode', 'BUS', 'PUT', 'admin', 'SysDictData', 'Update', '0', '2021-05-13 19:59:05.519', '2022-05-17 12:02:24.241', null, '0', 0);
INSERT INTO sys_api (id, handle, name, path, type, method, project, bus, func, is_history, created_at, updated_at, deleted_at, create_by, update_by) VALUES (102, 'go-admin/app/admin/apis.SysDictType.Update-fm', '字典类型编辑', '/api/v1/dict/type/:id', 'BUS', 'PUT', 'admin', 'SysDictType', 'Update', '0', '2021-05-13 19:59:05.569', '2022-05-17 12:02:24.245', null, '0', 0);
INSERT INTO sys_api (id, handle, name, path, type, method, project, bus, func, is_history, created_at, updated_at, deleted_at, create_by, update_by) VALUES (103, 'go-admin/app/admin/apis.SysDept.Update-fm', '部门编辑', '/api/v1/dept/:id', 'BUS', 'PUT', 'admin', 'SysDept', 'Update', '0', '2021-05-13 19:59:05.613', '2022-09-21 20:38:01.032', null, '0', 0);
INSERT INTO sys_api (id, handle, name, path, type, method, project, bus, func, is_history, created_at, updated_at, deleted_at, create_by, update_by) VALUES (104, 'go-admin/app/other/apis.SysFileDir.Update-fm', '文件夹编辑', '/api/v1/file-dir/:id', 'BUS', 'PUT', null, null, null, '1', '2021-05-13 19:59:05.662', '2022-09-21 19:13:12.474', null, '0', 0);
INSERT INTO sys_api (id, handle, name, path, type, method, project, bus, func, is_history, created_at, updated_at, deleted_at, create_by, update_by) VALUES (105, 'go-admin/app/other/apis.SysFileInfo.Update-fm', '文件编辑', '/api/v1/file-info/:id', 'BUS', 'PUT', null, null, null, '1', '2021-05-13 19:59:05.709', '2022-09-21 19:13:12.474', null, '0', 0);
INSERT INTO sys_api (id, handle, name, path, type, method, project, bus, func, is_history, created_at, updated_at, deleted_at, create_by, update_by) VALUES (106, 'go-admin/app/admin/apis.SysRole.Update-fm', '角色编辑', '/api/v1/role/:id', 'BUS', 'PUT', 'admin', 'SysRole', 'Update', '0', '2021-05-13 19:59:05.752', '2022-09-21 20:21:27.089', null, '0', 0);
INSERT INTO sys_api (id, handle, name, path, type, method, project, bus, func, is_history, created_at, updated_at, deleted_at, create_by, update_by) VALUES (107, 'go-admin/app/admin/apis.SysRole.Update2DataScope-fm', '角色数据权限修改', '/api/v1/roledatascope', 'BUS', 'PUT', 'admin', 'SysRole', 'Update2DataScope', '0', '2021-05-13 19:59:05.803', '2022-05-17 12:02:24.263', null, '0', 0);
INSERT INTO sys_api (id, handle, name, path, type, method, project, bus, func, is_history, created_at, updated_at, deleted_at, create_by, update_by) VALUES (108, 'go-admin/app/admin/apis.SysConfig.Update-fm', '参数编辑', '/api/v1/config/:id', 'BUS', 'PUT', 'admin', 'SysConfig', 'Update', '1', '2021-05-13 19:59:05.848', '2022-09-21 19:13:12.474', null, '0', 0);
INSERT INTO sys_api (id, handle, name, path, type, method, project, bus, func, is_history, created_at, updated_at, deleted_at, create_by, update_by) VALUES (109, 'go-admin/app/admin/apis.SysMenu.Update-fm', '编辑菜单', '/api/v1/menu/:id', 'BUS', 'PUT', 'admin', 'SysMenu', 'Update', '0', '2021-05-13 19:59:05.891', '2022-09-21 20:20:30.407', null, '0', 0);
INSERT INTO sys_api (id, handle, name, path, type, method, project, bus, func, is_history, created_at, updated_at, deleted_at, create_by, update_by) VALUES (110, 'go-admin/app/admin/apis.SysPost.Update-fm', '岗位编辑', '/api/v1/post/:id', 'BUS', 'PUT', 'admin', 'SysPost', 'Update', '0', '2021-05-13 19:59:05.934', '2022-05-17 12:02:24.281', null, '0', 0);
INSERT INTO sys_api (id, handle, name, path, type, method, project, bus, func, is_history, created_at, updated_at, deleted_at, create_by, update_by) VALUES (111, 'go-admin/app/admin/apis.SysUser.UpdatePwd-fm', '*用户修改密码', '/api/v1/user/pwd', 'SYS', 'PUT', null, null, null, '1', '2021-05-13 19:59:05.987', '2022-09-21 19:13:12.474', null, '0', 0);
INSERT INTO sys_api (id, handle, name, path, type, method, project, bus, func, is_history, created_at, updated_at, deleted_at, create_by, update_by) VALUES (112, 'go-admin/common/actions.DeleteAction.func1', '分类删除', '/api/v1/syscategory', 'BUS', 'DELETE', null, null, null, '1', '2021-05-13 19:59:06.030', '2022-09-21 19:13:12.474', null, '0', 0);
INSERT INTO sys_api (id, handle, name, path, type, method, project, bus, func, is_history, created_at, updated_at, deleted_at, create_by, update_by) VALUES (113, 'go-admin/common/actions.DeleteAction.func1', '内容删除', '/api/v1/syscontent', 'BUS', 'DELETE', null, null, null, '1', '2021-05-13 19:59:06.076', '2022-09-21 19:13:12.474', null, '0', 0);
INSERT INTO sys_api (id, handle, name, path, type, method, project, bus, func, is_history, created_at, updated_at, deleted_at, create_by, update_by) VALUES (114, 'go-admin/app/admin/apis.SysLoginLog.Delete-fm', '登录日志删除', '/api/v1/sys-login-log', 'BUS', 'DELETE', 'admin', 'SysLoginLog', 'Delete', '0', '2021-05-13 19:59:06.118', '2022-05-17 12:02:24.313', null, '0', 0);
INSERT INTO sys_api (id, handle, name, path, type, method, project, bus, func, is_history, created_at, updated_at, deleted_at, create_by, update_by) VALUES (115, 'go-admin/app/admin/apis.SysOperaLog.Delete-fm', '操作日志删除', '/api/v1/sys-opera-log', 'BUS', 'DELETE', null, null, null, '1', '2021-05-13 19:59:06.162', '2022-09-21 19:13:12.474', null, '0', 0);
INSERT INTO sys_api (id, handle, name, path, type, method, project, bus, func, is_history, created_at, updated_at, deleted_at, create_by, update_by) VALUES (116, 'go-admin/common/actions.DeleteAction.func1', 'job删除', '/api/v1/sysjob', 'BUS', 'DELETE', null, null, null, '1', '2021-05-13 19:59:06.206', '2022-09-21 19:13:12.474', null, '0', 0);
INSERT INTO sys_api (id, handle, name, path, type, method, project, bus, func, is_history, created_at, updated_at, deleted_at, create_by, update_by) VALUES (117, 'go-admin/app/other/apis.SysChinaAreaData.Delete-fm', '行政区删除', '/api/v1/sys-area-data', 'BUS', 'DELETE', null, null, null, '1', '2021-05-13 19:59:06.249', '2022-09-21 19:13:12.474', null, '0', 0);
INSERT INTO sys_api (id, handle, name, path, type, method, project, bus, func, is_history, created_at, updated_at, deleted_at, create_by, update_by) VALUES (120, 'go-admin/app/admin/apis.SysDictData.Delete-fm', '字典数据删除', '/api/v1/dict/data', 'BUS', 'DELETE', 'admin', 'SysDictData', 'Delete', '0', '2021-05-13 19:59:06.387', '2022-05-17 12:02:24.340', null, '0', 0);
INSERT INTO sys_api (id, handle, name, path, type, method, project, bus, func, is_history, created_at, updated_at, deleted_at, create_by, update_by) VALUES (121, 'go-admin/app/admin/apis.SysDictType.Delete-fm', '字典类型删除', '/api/v1/dict/type', 'BUS', 'DELETE', 'admin', 'SysDictType', 'Delete', '0', '2021-05-13 19:59:06.432', '2022-05-17 12:02:24.345', null, '0', 0);
INSERT INTO sys_api (id, handle, name, path, type, method, project, bus, func, is_history, created_at, updated_at, deleted_at, create_by, update_by) VALUES (122, 'go-admin/app/admin/apis.SysDept.Delete-fm', '部门删除', '/api/v1/dept/:id', 'BUS', 'DELETE', null, null, null, '1', '2021-05-13 19:59:06.475', '2022-09-21 19:13:12.474', null, '0', 0);
INSERT INTO sys_api (id, handle, name, path, type, method, project, bus, func, is_history, created_at, updated_at, deleted_at, create_by, update_by) VALUES (123, 'go-admin/app/other/apis.SysFileDir.Delete-fm', '文件夹删除', '/api/v1/file-dir/:id', 'BUS', 'DELETE', null, null, null, '1', '2021-05-13 19:59:06.520', '2022-09-21 19:13:12.474', null, '0', 0);
INSERT INTO sys_api (id, handle, name, path, type, method, project, bus, func, is_history, created_at, updated_at, deleted_at, create_by, update_by) VALUES (124, 'go-admin/app/other/apis.SysFileInfo.Delete-fm', '文件删除', '/api/v1/file-info/:id', 'BUS', 'DELETE', null, null, null, '1', '2021-05-13 19:59:06.566', '2022-09-21 19:13:12.474', null, '0', 0);
INSERT INTO sys_api (id, handle, name, path, type, method, project, bus, func, is_history, created_at, updated_at, deleted_at, create_by, update_by) VALUES (125, 'go-admin/app/admin/apis.SysConfig.Delete-fm', '参数删除', '/api/v1/config', 'BUS', 'DELETE', 'admin', 'SysConfig', 'Delete', '1', '2021-05-13 19:59:06.612', '2022-09-21 19:13:12.474', null, '0', 0);
INSERT INTO sys_api (id, handle, name, path, type, method, project, bus, func, is_history, created_at, updated_at, deleted_at, create_by, update_by) VALUES (126, 'go-admin/app/admin/apis.SysMenu.Delete-fm', '删除菜单', '/api/v1/menu', 'BUS', 'DELETE', 'admin', 'SysMenu', 'Delete', '0', '2021-05-13 19:59:06.654', '2022-09-21 20:19:53.448', null, '0', 0);
INSERT INTO sys_api (id, handle, name, path, type, method, project, bus, func, is_history, created_at, updated_at, deleted_at, create_by, update_by) VALUES (127, 'go-admin/app/admin/apis.SysPost.Delete-fm', '岗位删除', '/api/v1/post/:id', 'BUS', 'DELETE', null, null, null, '1', '2021-05-13 19:59:06.702', '2022-09-21 19:13:12.474', null, '0', 0);
INSERT INTO sys_api (id, handle, name, path, type, method, project, bus, func, is_history, created_at, updated_at, deleted_at, create_by, update_by) VALUES (128, 'go-admin/app/admin/apis.SysRole.Delete-fm', '角色删除', '/api/v1/role', 'BUS', 'DELETE', 'admin', 'SysRole', 'Delete', '0', '2021-05-13 19:59:06.746', '2022-05-18 14:25:10.865', null, '0', 0);
INSERT INTO sys_api (id, handle, name, path, type, method, project, bus, func, is_history, created_at, updated_at, deleted_at, create_by, update_by) VALUES (131, 'github.com/go-admin-team/go-admin-core/tools/transfer.Handler.func1', '系统指标', '/api/v1/metrics', 'SYS', 'GET', null, null, null, '0', '2021-05-17 22:13:55.933', '2021-06-13 20:53:49.614', null, '0', 0);
INSERT INTO sys_api (id, handle, name, path, type, method, project, bus, func, is_history, created_at, updated_at, deleted_at, create_by, update_by) VALUES (132, 'go-admin/app/other/router.registerMonitorRouter.func1', '健康状态', '/api/v1/health', 'SYS', 'GET', 'other', 'registerMonitorRouter', 'func1', '0', '2021-05-17 22:13:56.285', '2022-05-17 12:02:24.099', null, '0', 0);
INSERT INTO sys_api (id, handle, name, path, type, method, project, bus, func, is_history, created_at, updated_at, deleted_at, create_by, update_by) VALUES (133, 'go-admin/app/admin/apis.HelloWorld', '项目默认接口', '/', 'SYS', 'GET', null, null, null, '1', '2021-05-24 10:30:44.553', '2022-09-21 19:13:12.474', null, '0', 0);
INSERT INTO sys_api (id, handle, name, path, type, method, project, bus, func, is_history, created_at, updated_at, deleted_at, create_by, update_by) VALUES (134, 'go-admin/app/other/apis.ServerMonitor.ServerInfo-fm', '服务器基本状态', '/api/v1/server-monitor', 'SYS', 'GET', 'other', 'ServerMonitor', 'ServerInfo', '0', '2021-05-24 10:30:44.937', '2022-05-17 12:02:23.853', null, '0', 0);
INSERT INTO sys_api (id, handle, name, path, type, method, project, bus, func, is_history, created_at, updated_at, deleted_at, create_by, update_by) VALUES (135, 'go-admin/app/admin/apis.SysApi.GetPage-fm', '接口列表', '/api/v1/sys-api', 'BUS', 'GET', 'admin', 'SysApi', 'GetPage', '0', '2021-05-24 11:37:53.303', '2022-09-21 20:51:10.083', null, '0', 0);
INSERT INTO sys_api (id, handle, name, path, type, method, project, bus, func, is_history, created_at, updated_at, deleted_at, create_by, update_by) VALUES (136, 'go-admin/app/admin/apis.SysApi.Get-fm', '接口通过id获取', '/api/v1/sys-api/:id', 'BUS', 'GET', 'admin', 'SysApi', 'Get', '0', '2021-05-24 11:37:53.359', '2022-09-21 20:51:17.718', null, '0', 0);
INSERT INTO sys_api (id, handle, name, path, type, method, project, bus, func, is_history, created_at, updated_at, deleted_at, create_by, update_by) VALUES (137, 'go-admin/app/admin/apis.SysLoginLog.GetPage-fm', '登录日志列表', '/api/v1/sys-login-log', 'BUS', 'GET', 'admin', 'SysLoginLog', 'GetPage', '0', '2021-05-24 11:47:30.397', '2022-05-17 12:02:23.788', null, '0', 0);
INSERT INTO sys_api (id, handle, name, path, type, method, project, bus, func, is_history, created_at, updated_at, deleted_at, create_by, update_by) VALUES (138, 'go-admin/app/other/apis.File.UploadFile-fm', '文件上传', '/api/v1/public/uploadFile', 'SYS', 'POST', 'other', 'File', 'UploadFile', '0', '2021-05-25 19:16:18.493', '2022-05-17 12:02:24.136', null, '0', 0);
INSERT INTO sys_api (id, handle, name, path, type, method, project, bus, func, is_history, created_at, updated_at, deleted_at, create_by, update_by) VALUES (139, 'go-admin/app/admin/apis.SysConfig.Update2Set-fm', '参数信息修改【参数配置】', '/api/v1/set-config', 'BUS', 'PUT', 'admin', 'SysConfig', 'Update2Set', '0', '2021-05-27 09:45:14.853', '2022-05-17 12:02:24.237', null, '0', 0);
INSERT INTO sys_api (id, handle, name, path, type, method, project, bus, func, is_history, created_at, updated_at, deleted_at, create_by, update_by) VALUES (140, 'go-admin/app/admin/apis.SysConfig.Get2Set-fm', '参数获取全部【配置使用】', '/api/v1/set-config', 'BUS', 'GET', 'admin', 'SysConfig', 'Get2Set', '0', '2021-05-27 11:54:14.384', '2022-05-17 12:02:23.858', null, '0', 0);
INSERT INTO sys_api (id, handle, name, path, type, method, project, bus, func, is_history, created_at, updated_at, deleted_at, create_by, update_by) VALUES (141, 'go-admin/app/admin/apis.SysUser.GetPage-fm', '管理员列表', '/api/v1/sys-user', 'BUS', 'GET', 'admin', 'SysUser', 'GetPage', '0', '2021-06-13 19:24:57.111', '2022-09-21 19:26:18.322', null, '0', 0);
INSERT INTO sys_api (id, handle, name, path, type, method, project, bus, func, is_history, created_at, updated_at, deleted_at, create_by, update_by) VALUES (142, 'go-admin/app/admin/apis.SysUser.Get-fm', '管理员通过id获取', '/api/v1/sys-user/:id', 'BUS', 'GET', 'admin', 'SysUser', 'Get', '0', '2021-06-13 19:24:57.188', '2022-09-21 20:20:50.424', null, '0', 0);
INSERT INTO sys_api (id, handle, name, path, type, method, project, bus, func, is_history, created_at, updated_at, deleted_at, create_by, update_by) VALUES (143, 'go-admin/app/admin/apis/tools.(*SysTable).GetSysTablesInfo-fm', '', '/api/v1/sys/tables/info', '', 'GET', null, null, null, '1', '2021-06-13 19:24:57.437', '2022-05-08 07:05:36.467', null, '0', 0);
INSERT INTO sys_api (id, handle, name, path, type, method, project, bus, func, is_history, created_at, updated_at, deleted_at, create_by, update_by) VALUES (144, 'go-admin/app/admin/apis/tools.(*SysTable).GetSysTables-fm', '获取配置', '/api/v1/sys/tables/info/:tableId', '', 'GET', null, null, null, '1', '2021-06-13 19:24:57.510', '2022-05-08 07:40:18.867', null, '0', 0);
INSERT INTO sys_api (id, handle, name, path, type, method, project, bus, func, is_history, created_at, updated_at, deleted_at, create_by, update_by) VALUES (145, 'go-admin/app/admin/apis/tools.(*SysTable).GetSysTableList-fm', '分页列表数据', '/api/v1/sys/tables/page', '', 'GET', null, null, null, '1', '2021-06-13 19:24:57.582', '2022-05-08 07:40:18.871', null, '0', 0);
INSERT INTO sys_api (id, handle, name, path, type, method, project, bus, func, is_history, created_at, updated_at, deleted_at, create_by, update_by) VALUES (146, 'github.com/gin-gonic/gin.(*RouterGroup).createStaticHandler.func1', '', '/static/*filepath', '', 'GET', null, null, null, '0', '2021-06-13 19:24:59.641', '2022-05-08 07:05:36.479', null, '0', 0);
INSERT INTO sys_api (id, handle, name, path, type, method, project, bus, func, is_history, created_at, updated_at, deleted_at, create_by, update_by) VALUES (147, 'github.com/swaggo/gin-swagger.CustomWrapHandler.func1', '', '/swagger/*any', '', 'GET', null, null, null, '1', '2021-06-13 19:24:59.713', '2022-09-21 19:13:12.474', null, '0', 0);
INSERT INTO sys_api (id, handle, name, path, type, method, project, bus, func, is_history, created_at, updated_at, deleted_at, create_by, update_by) VALUES (148, 'github.com/gin-gonic/gin.(*RouterGroup).createStaticHandler.func1', '', '/form-generator/*filepath', '', 'GET', null, null, null, '0', '2021-06-13 19:24:59.914', '2022-05-08 07:05:36.487', null, '0', 0);
INSERT INTO sys_api (id, handle, name, path, type, method, project, bus, func, is_history, created_at, updated_at, deleted_at, create_by, update_by) VALUES (149, 'go-admin/app/admin/apis/tools.(*SysTable).InsertSysTable-fm', '添加表结构', '/api/v1/sys/tables/info', '', 'POST', null, null, null, '1', '2021-06-13 19:25:00.163', '2022-05-08 07:40:18.886', null, '0', 0);
INSERT INTO sys_api (id, handle, name, path, type, method, project, bus, func, is_history, created_at, updated_at, deleted_at, create_by, update_by) VALUES (150, 'go-admin/app/admin/apis.SysUser.Insert-fm', '管理员创建', '/api/v1/sys-user', 'BUS', 'POST', 'admin', 'SysUser', 'Insert', '0', '2021-06-13 19:25:00.233', '2022-09-21 20:18:05.290', null, '0', 0);
INSERT INTO sys_api (id, handle, name, path, type, method, project, bus, func, is_history, created_at, updated_at, deleted_at, create_by, update_by) VALUES (151, 'go-admin/app/admin/apis.SysUser.Update-fm', '管理员编辑', '/api/v1/sys-user', 'BUS', 'PUT', 'admin', 'SysUser', 'Update', '0', '2021-06-13 19:25:00.986', '2022-09-21 20:20:50.424', null, '0', 0);
INSERT INTO sys_api (id, handle, name, path, type, method, project, bus, func, is_history, created_at, updated_at, deleted_at, create_by, update_by) VALUES (152, 'go-admin/app/admin/apis/tools.(*SysTable).UpdateSysTable-fm', '修改表结构', '/api/v1/sys/tables/info', '', 'PUT', null, null, null, '1', '2021-06-13 19:25:01.149', '2022-05-08 07:40:18.890', null, '0', 0);
INSERT INTO sys_api (id, handle, name, path, type, method, project, bus, func, is_history, created_at, updated_at, deleted_at, create_by, update_by) VALUES (153, 'go-admin/app/admin/apis.SysRole.Update2Status-fm', '修改用户角色', '/api/v1/role-status', '', 'PUT', 'admin', 'SysRole', 'Update2Status', '0', '2021-06-13 19:25:01.446', '2022-05-17 12:02:24.259', null, '0', 0);
INSERT INTO sys_api (id, handle, name, path, type, method, project, bus, func, is_history, created_at, updated_at, deleted_at, create_by, update_by) VALUES (154, 'go-admin/app/admin/apis.SysUser.ResetPwd-fm', '重置用户密码', '/api/v1/user/pwd/reset', 'BUS', 'PUT', 'admin', 'SysUser', 'ResetPwd', '0', '2021-06-13 19:25:01.601', '2022-09-21 20:18:37.413', null, '0', 0);
INSERT INTO sys_api (id, handle, name, path, type, method, project, bus, func, is_history, created_at, updated_at, deleted_at, create_by, update_by) VALUES (155, 'go-admin/app/admin/apis.SysUser.UpdateStatus-fm', '修改用户状态', '/api/v1/user/status', '', 'PUT', 'admin', 'SysUser', 'UpdateStatus', '0', '2021-06-13 19:25:01.671', '2022-05-17 12:02:24.277', null, '0', 0);
INSERT INTO sys_api (id, handle, name, path, type, method, project, bus, func, is_history, created_at, updated_at, deleted_at, create_by, update_by) VALUES (156, 'go-admin/app/admin/apis.SysUser.Delete-fm', '管理员删除', '/api/v1/sys-user', 'BUS', 'DELETE', 'admin', 'SysUser', 'Delete', '0', '2021-06-13 19:25:02.043', '2022-09-21 20:18:28.463', null, '0', 0);
INSERT INTO sys_api (id, handle, name, path, type, method, project, bus, func, is_history, created_at, updated_at, deleted_at, create_by, update_by) VALUES (157, 'go-admin/app/admin/apis/tools.(*SysTable).DeleteSysTables-fm', '删除表结构', '/api/v1/sys/tables/info/:tableId', '', 'DELETE', null, null, null, '1', '2021-06-13 19:25:02.283', '2022-05-08 07:40:18.907', null, '0', 0);
INSERT INTO sys_api (id, handle, name, path, type, method, project, bus, func, is_history, created_at, updated_at, deleted_at, create_by, update_by) VALUES (158, 'github.com/gin-gonic/gin.(*RouterGroup).createStaticHandler.func1', '', '/static/*filepath', '', 'HEAD', null, null, null, '0', '2021-06-13 19:25:02.734', '2022-05-08 07:05:36.515', null, '0', 0);
INSERT INTO sys_api (id, handle, name, path, type, method, project, bus, func, is_history, created_at, updated_at, deleted_at, create_by, update_by) VALUES (159, 'github.com/gin-gonic/gin.(*RouterGroup).createStaticHandler.func1', '', '/form-generator/*filepath', '', 'HEAD', null, null, null, '0', '2021-06-13 19:25:02.808', '2022-05-08 07:05:36.519', null, '0', 0);
INSERT INTO sys_api (id, handle, name, path, type, method, project, bus, func, is_history, created_at, updated_at, deleted_at, create_by, update_by) VALUES (160, 'go-admin/app/admin/apis.SysDept.GetToTree-fm', '', '/api/v1/dept-tree-option', '', 'GET', 'admin', 'SysDept', 'GetToTree', '0', '2022-01-10 05:16:25.485', '2022-05-17 12:02:23.904', null, '0', 0);
INSERT INTO sys_api (id, handle, name, path, type, method, project, bus, func, is_history, created_at, updated_at, deleted_at, create_by, update_by) VALUES (161, 'go-admin/app/clearance/apis.Clearance.GetPage-fm', '', '/api/v1/clearance', '', 'GET', null, null, null, '1', '2022-01-10 05:16:25.486', '2022-09-21 19:13:12.474', null, '0', 0);
INSERT INTO sys_api (id, handle, name, path, type, method, project, bus, func, is_history, created_at, updated_at, deleted_at, create_by, update_by) VALUES (162, 'go-admin/app/admin/apis.System.GenerateCaptchaHandler-fm', '获取验证码', '/api/v1/captcha', '', 'GET', 'admin', 'System', 'GenerateCaptchaHandler', '0', '2022-01-10 05:16:25.487', '2022-05-17 12:02:23.981', null, '0', 0);
INSERT INTO sys_api (id, handle, name, path, type, method, project, bus, func, is_history, created_at, updated_at, deleted_at, create_by, update_by) VALUES (163, 'go-admin/app/admin/apis.Dashboard.CurrentUserDetail-fm', '', '/api/v1/currentUserDetail', '', 'GET', 'admin', 'Dashboard', 'CurrentUserDetail', '0', '2022-01-10 05:16:25.488', '2022-05-17 12:02:23.986', null, '0', 0);
INSERT INTO sys_api (id, handle, name, path, type, method, project, bus, func, is_history, created_at, updated_at, deleted_at, create_by, update_by) VALUES (164, 'go-admin/app/admin/apis.SysRole.GetOption-fm', '角色下拉框数据', '/api/v1/role-option', '', 'GET', 'admin', 'SysRole', 'GetOption', '0', '2022-01-10 05:16:25.490', '2022-05-17 12:02:23.935', null, '0', 0);
INSERT INTO sys_api (id, handle, name, path, type, method, project, bus, func, is_history, created_at, updated_at, deleted_at, create_by, update_by) VALUES (165, 'go-admin/app/admin/apis.Dashboard.DashboardA-fm', '', '/api/v1/fake_analysis_chart_data', '', 'GET', 'admin', 'Dashboard', 'DashboardA', '0', '2022-01-10 05:16:25.492', '2022-05-17 12:02:24.042', null, '0', 0);
INSERT INTO sys_api (id, handle, name, path, type, method, project, bus, func, is_history, created_at, updated_at, deleted_at, create_by, update_by) VALUES (166, 'go-admin/app/admin/apis.Dashboard.DashboardA-fm', '', '/api/v1/fake_workplace_chart_data', '', 'GET', 'admin', 'Dashboard', 'DashboardA', '0', '2022-01-10 05:16:25.493', '2022-05-17 12:02:24.047', null, '0', 0);
INSERT INTO sys_api (id, handle, name, path, type, method, project, bus, func, is_history, created_at, updated_at, deleted_at, create_by, update_by) VALUES (167, 'go-admin/app/admin/apis.Dashboard.FakeListDetail-fm', '', '/api/v1/fake_list_Detail', '', 'GET', 'admin', 'Dashboard', 'FakeListDetail', '0', '2022-01-10 05:16:25.493', '2022-05-17 12:02:24.052', null, '0', 0);
INSERT INTO sys_api (id, handle, name, path, type, method, project, bus, func, is_history, created_at, updated_at, deleted_at, create_by, update_by) VALUES (168, 'go-admin/app/admin/apis.Dashboard.Activities-fm', '', '/api/v1/activities', '', 'GET', 'admin', 'Dashboard', 'Activities', '0', '2022-01-10 05:16:25.494', '2022-05-17 12:02:24.056', null, '0', 0);
INSERT INTO sys_api (id, handle, name, path, type, method, project, bus, func, is_history, created_at, updated_at, deleted_at, create_by, update_by) VALUES (169, 'go-admin/app/admin/apis.Dashboard.CurrentUserDetail-fm', '', '/api/v1/accountSettingCurrentUser', '', 'GET', 'admin', 'Dashboard', 'CurrentUserDetail', '0', '2022-01-10 05:16:25.495', '2022-05-17 12:02:24.060', null, '0', 0);
INSERT INTO sys_api (id, handle, name, path, type, method, project, bus, func, is_history, created_at, updated_at, deleted_at, create_by, update_by) VALUES (170, 'go-admin/app/admin/apis.SysPost.GetOption-fm', '职位下拉框数据', '/api/v1/post-option', '', 'GET', 'admin', 'SysPost', 'GetOption', '1', '2022-01-10 05:16:25.496', '2022-05-23 13:52:00.714', null, '0', 0);
INSERT INTO sys_api (id, handle, name, path, type, method, project, bus, func, is_history, created_at, updated_at, deleted_at, create_by, update_by) VALUES (171, 'go-admin/app/admin/apis.Dashboard.Notice-fm', '', '/api/v1/notice', '', 'GET', 'admin', 'Dashboard', 'Notice', '0', '2022-01-10 05:16:25.496', '2022-05-17 12:02:24.082', null, '0', 0);
INSERT INTO sys_api (id, handle, name, path, type, method, project, bus, func, is_history, created_at, updated_at, deleted_at, create_by, update_by) VALUES (172, 'go-admin/app/admin/apis.Dashboard.Notices-fm', '', '/api/v1/notices', '', 'GET', 'admin', 'Dashboard', 'Notices', '0', '2022-01-10 05:16:25.497', '2022-05-17 12:02:24.086', null, '0', 0);
INSERT INTO sys_api (id, handle, name, path, type, method, project, bus, func, is_history, created_at, updated_at, deleted_at, create_by, update_by) VALUES (173, 'go-admin/app/admin/apis.Personal.CurrentUser-fm', '获取当前用户信息', '/api/v1/user/current', '', 'GET', 'admin', 'Personal', 'CurrentUser', '0', '2022-01-10 05:16:25.498', '2022-05-17 12:02:24.090', null, '0', 0);
INSERT INTO sys_api (id, handle, name, path, type, method, project, bus, func, is_history, created_at, updated_at, deleted_at, create_by, update_by) VALUES (174, 'go-admin/app/admin/apis.Personal.UserOutLogin-fm', '', '/api/v1/user/outLogin', '', 'POST', 'admin', 'Personal', 'UserOutLogin', '0', '2022-01-10 05:16:25.501', '2022-05-17 12:02:24.181', null, '0', 0);
INSERT INTO sys_api (id, handle, name, path, type, method, project, bus, func, is_history, created_at, updated_at, deleted_at, create_by, update_by) VALUES (175, 'go-admin/app/admin/apis.SysUser.UpdatePwd-fm', '用户密码修改', '/api/v1/user/pwd/set', 'SYS', 'PUT', 'admin', 'SysUser', 'UpdatePwd', '0', '2022-01-10 05:16:25.505', '2022-05-18 13:53:59.871', null, '0', 0);
INSERT INTO sys_api (id, handle, name, path, type, method, project, bus, func, is_history, created_at, updated_at, deleted_at, create_by, update_by) VALUES (176, 'go-admin/app/admin/apis.SysDept.Delete-fm', '部门删除', '/api/v1/dept', 'BUS', 'DELETE', 'admin', 'SysDept', 'Delete', '0', '2022-01-10 05:16:25.507', '2022-09-21 20:38:25.084', null, '0', 0);
INSERT INTO sys_api (id, handle, name, path, type, method, project, bus, func, is_history, created_at, updated_at, deleted_at, create_by, update_by) VALUES (177, 'go-admin/app/admin/apis.SysPost.Delete-fm', '岗位删除', '/api/v1/post', 'BUS', 'DELETE', 'admin', 'SysPost', 'Delete', '0', '2022-01-10 05:16:25.508', '2022-05-18 14:27:55.204', null, '0', 0);
INSERT INTO sys_api (id, handle, name, path, type, method, project, bus, func, is_history, created_at, updated_at, deleted_at, create_by, update_by) VALUES (178, 'go-admin/app/worklist/apis.TodoList.GetPage-fm', '', '/api/v1/todolist', '', 'GET', null, null, null, '1', '2022-01-22 08:13:11.054', '2022-09-21 19:13:12.474', null, '0', 0);
INSERT INTO sys_api (id, handle, name, path, type, method, project, bus, func, is_history, created_at, updated_at, deleted_at, create_by, update_by) VALUES (179, 'go-admin/app/worklist/apis.TbTodo.Get-fm', '', '/api/v1/todolist/:id', '', 'GET', null, null, null, '1', '2022-01-22 10:56:59.009', '2022-09-21 19:13:12.474', null, '0', 0);
INSERT INTO sys_api (id, handle, name, path, type, method, project, bus, func, is_history, created_at, updated_at, deleted_at, create_by, update_by) VALUES (180, 'go-admin/app/worklist/apis.TbTodo.Insert-fm', '', '/api/v1/todolist', '', 'POST', null, null, null, '1', '2022-01-22 10:56:59.016', '2022-09-21 19:13:12.474', null, '0', 0);
INSERT INTO sys_api (id, handle, name, path, type, method, project, bus, func, is_history, created_at, updated_at, deleted_at, create_by, update_by) VALUES (181, 'go-admin/app/worklist/apis.TbTodo.Update-fm', '', '/api/v1/todolist/:id', '', 'PUT', null, null, null, '1', '2022-01-22 10:56:59.021', '2022-09-21 19:13:12.474', null, '0', 0);
INSERT INTO sys_api (id, handle, name, path, type, method, project, bus, func, is_history, created_at, updated_at, deleted_at, create_by, update_by) VALUES (182, 'go-admin/app/worklist/apis.TbTodo.Delete-fm', '', '/api/v1/todolist', '', 'DELETE', null, null, null, '1', '2022-01-22 10:56:59.025', '2022-09-21 19:13:12.474', null, '0', 0);
INSERT INTO sys_api (id, handle, name, path, type, method, project, bus, func, is_history, created_at, updated_at, deleted_at, create_by, update_by) VALUES (183, 'go-admin/app/admin/apis.SysAbnormalLog.GetPage-fm', '获取异常日志列表', '/api/v1/sys-abnormal-log', 'BUS', 'GET', 'admin', 'SysAbnormalLog', 'GetPage', '0', '2022-05-05 11:30:37.214', '2022-09-21 20:52:48.153', null, '0', 0);
INSERT INTO sys_api (id, handle, name, path, type, method, project, bus, func, is_history, created_at, updated_at, deleted_at, create_by, update_by) VALUES (184, 'go-admin/app/admin/apis.SysAbnormalLog.Get-fm', '获取异常日志', '/api/v1/sys-abnormal-log/:id', 'BUS', 'GET', 'admin', 'SysAbnormalLog', 'Get', '0', '2022-05-05 11:30:37.215', '2022-09-21 20:52:54.439', null, '0', 0);
INSERT INTO sys_api (id, handle, name, path, type, method, project, bus, func, is_history, created_at, updated_at, deleted_at, create_by, update_by) VALUES (185, 'go-admin/app/admin/apis.SysOperateLog.GetPage-fm', '获取操作日志列表', '/api/v1/sys-operate-log', 'BUS', 'GET', 'admin', 'SysOperateLog', 'GetPage', '0', '2022-05-05 11:30:37.217', '2022-09-21 20:53:40.301', null, '0', 0);
INSERT INTO sys_api (id, handle, name, path, type, method, project, bus, func, is_history, created_at, updated_at, deleted_at, create_by, update_by) VALUES (186, 'go-admin/app/admin/apis.SysOperateLog.Get-fm', '获取操作日志', '/api/v1/sys-operate-log/:id', 'BUS', 'GET', 'admin', 'SysOperateLog', 'Get', '0', '2022-05-05 11:30:37.217', '2022-09-21 20:53:45.735', null, '0', 0);
INSERT INTO sys_api (id, handle, name, path, type, method, project, bus, func, is_history, created_at, updated_at, deleted_at, create_by, update_by) VALUES (187, 'go-admin/app/admin/apis.SysRequestLog.GetPage-fm', '操作日志列表', '/api/v1/sys-request-log', 'BUS', 'GET', 'admin', 'SysRequestLog', 'GetPage', '0', '2022-05-05 11:30:37.218', '2022-09-21 20:53:52.401', null, '0', 0);
INSERT INTO sys_api (id, handle, name, path, type, method, project, bus, func, is_history, created_at, updated_at, deleted_at, create_by, update_by) VALUES (188, 'go-admin/app/admin/apis.SysRequestLog.Get-fm', '操作日志通过id获取', '/api/v1/sys-request-log/:id', 'BUS', 'GET', 'admin', 'SysRequestLog', 'Get', '0', '2022-05-05 11:30:37.218', '2022-09-21 20:53:58.093', null, '0', 0);
INSERT INTO sys_api (id, handle, name, path, type, method, project, bus, func, is_history, created_at, updated_at, deleted_at, create_by, update_by) VALUES (189, 'go-admin/app/tools/apis.SysForm.GetPage-fm', '获取列表', '/api/v1/sys-form', '', 'GET', 'tools', 'SysForm', 'GetPage', '1', '2022-05-05 11:30:37.219', '2022-09-21 19:13:12.474', null, '0', 0);
INSERT INTO sys_api (id, handle, name, path, type, method, project, bus, func, is_history, created_at, updated_at, deleted_at, create_by, update_by) VALUES (190, 'go-admin/app/tools/apis.SysForm.Get-fm', '获取', '/api/v1/sys-form/:id', '', 'GET', 'tools', 'SysForm', 'Get', '1', '2022-05-05 11:30:37.219', '2022-09-21 19:13:12.474', null, '0', 0);
INSERT INTO sys_api (id, handle, name, path, type, method, project, bus, func, is_history, created_at, updated_at, deleted_at, create_by, update_by) VALUES (191, 'go-admin/app/notice/apis.TbNotice.GetList-fm', '', '/api/v1/sys/notice', '', 'GET', 'notice', 'TbNotice', 'GetList', '0', '2022-05-05 11:30:37.220', '2022-05-17 12:02:23.848', null, '0', 0);
INSERT INTO sys_api (id, handle, name, path, type, method, project, bus, func, is_history, created_at, updated_at, deleted_at, create_by, update_by) VALUES (192, 'go-admin/app/workflow/apis.WfProcessInfo.GetPage-fm', '', '/api/v1/process', '', 'GET', 'workflow', 'WfProcessInfo', 'GetPage', '1', '2022-05-05 11:30:37.227', '2022-09-21 19:13:12.474', null, '0', 0);
INSERT INTO sys_api (id, handle, name, path, type, method, project, bus, func, is_history, created_at, updated_at, deleted_at, create_by, update_by) VALUES (193, 'go-admin/app/workflow/apis.WfProcessInfo.Get-fm', '', '/api/v1/process/:id', '', 'GET', 'workflow', 'WfProcessInfo', 'Get', '1', '2022-05-05 11:30:37.228', '2022-09-21 19:13:12.474', null, '0', 0);
INSERT INTO sys_api (id, handle, name, path, type, method, project, bus, func, is_history, created_at, updated_at, deleted_at, create_by, update_by) VALUES (194, 'go-admin/app/workflow/apis.WfWorkOrderInfo.ProcessStructure-fm', '', '/api/v1/work', '', 'GET', 'workflow', 'WfWorkOrderInfo', 'ProcessStructure', '1', '2022-05-05 11:30:37.228', '2022-09-21 19:13:12.474', null, '0', 0);
INSERT INTO sys_api (id, handle, name, path, type, method, project, bus, func, is_history, created_at, updated_at, deleted_at, create_by, update_by) VALUES (195, 'go-admin/app/workflow/apis.WfWorkOrderInfo.GetPage-fm', '分页工单列表数据', '/api/v1/work-order', '', 'GET', 'workflow', 'WfWorkOrderInfo', 'GetPage', '1', '2022-05-05 11:30:37.229', '2022-09-21 19:13:12.474', null, '0', 0);
INSERT INTO sys_api (id, handle, name, path, type, method, project, bus, func, is_history, created_at, updated_at, deleted_at, create_by, update_by) VALUES (196, 'go-admin/app/workflow/apis.WfWorkOrderInfo.Get-fm', '', '/api/v1/work-order/:id', '', 'GET', 'workflow', 'WfWorkOrderInfo', 'Get', '1', '2022-05-05 11:30:37.230', '2022-09-21 19:13:12.474', null, '0', 0);
INSERT INTO sys_api (id, handle, name, path, type, method, project, bus, func, is_history, created_at, updated_at, deleted_at, create_by, update_by) VALUES (197, 'go-admin/app/workflow/apis.WfWorkOrderInfo.WorkOrderList-fm', '', '/api/v1/work/list', '', 'GET', 'workflow', 'WfWorkOrderInfo', 'WorkOrderList', '1', '2022-05-05 11:30:37.230', '2022-09-21 19:13:12.474', null, '0', 0);
INSERT INTO sys_api (id, handle, name, path, type, method, project, bus, func, is_history, created_at, updated_at, deleted_at, create_by, update_by) VALUES (198, 'go-admin/app/worklist/apis.TbTodo.GetPage-fm', '任务列表', '/api/v1/todo/list', 'BUS', 'GET', 'worklist', 'TbTodo', 'GetPage', '0', '2022-05-05 11:30:37.232', '2022-05-18 15:40:17.856', null, '0', 0);
INSERT INTO sys_api (id, handle, name, path, type, method, project, bus, func, is_history, created_at, updated_at, deleted_at, create_by, update_by) VALUES (199, 'go-admin/app/worklist/apis.TbTodo.Get-fm', '任务通过id获取', '/api/v1/todo/list/:id', 'BUS', 'GET', 'worklist', 'TbTodo', 'Get', '0', '2022-05-05 11:30:37.233', '2022-05-18 15:40:06.473', null, '0', 0);
INSERT INTO sys_api (id, handle, name, path, type, method, project, bus, func, is_history, created_at, updated_at, deleted_at, create_by, update_by) VALUES (200, 'go-admin/app/worklist/apis.TbTodo.GetTotal-fm', '任务分类统计', '/api/v1/todo/total', 'BUS', 'GET', 'worklist', 'TbTodo', 'GetTotal', '0', '2022-05-05 11:30:37.233', '2022-05-18 15:36:32.288', null, '0', 0);
INSERT INTO sys_api (id, handle, name, path, type, method, project, bus, func, is_history, created_at, updated_at, deleted_at, create_by, update_by) VALUES (201, 'go-admin/app/workflow/apis.WfProcessInfo.Insert-fm', '', '/api/v1/process', '', 'POST', 'workflow', 'WfProcessInfo', 'Insert', '1', '2022-05-05 11:30:37.235', '2022-09-21 19:13:12.474', null, '0', 0);
INSERT INTO sys_api (id, handle, name, path, type, method, project, bus, func, is_history, created_at, updated_at, deleted_at, create_by, update_by) VALUES (202, 'go-admin/app/workflow/apis.WfProcessInfo.Clone-fm', '', '/api/v1/process/clone/:id', '', 'POST', 'workflow', 'WfProcessInfo', 'Clone', '1', '2022-05-05 11:30:37.235', '2022-09-21 19:13:12.474', null, '0', 0);
INSERT INTO sys_api (id, handle, name, path, type, method, project, bus, func, is_history, created_at, updated_at, deleted_at, create_by, update_by) VALUES (203, 'go-admin/app/tools/apis.SysForm.Insert-fm', '创建', '/api/v1/sys-form', '', 'POST', 'tools', 'SysForm', 'Insert', '1', '2022-05-05 11:30:37.236', '2022-09-21 19:13:12.474', null, '0', 0);
INSERT INTO sys_api (id, handle, name, path, type, method, project, bus, func, is_history, created_at, updated_at, deleted_at, create_by, update_by) VALUES (204, 'go-admin/app/workflow/apis.WfWorkOrderInfo.HandleWorkOrder-fm', '', '/api/v1/work', '', 'POST', 'workflow', 'WfWorkOrderInfo', 'HandleWorkOrder', '1', '2022-05-05 11:30:37.237', '2022-09-21 19:13:12.474', null, '0', 0);
INSERT INTO sys_api (id, handle, name, path, type, method, project, bus, func, is_history, created_at, updated_at, deleted_at, create_by, update_by) VALUES (205, 'go-admin/app/workflow/apis.WfWorkOrderInfo.Insert-fm', '添加工单', '/api/v1/work-order', '', 'POST', 'workflow', 'WfWorkOrderInfo', 'Insert', '1', '2022-05-05 11:30:37.238', '2022-09-21 19:13:12.474', null, '0', 0);
INSERT INTO sys_api (id, handle, name, path, type, method, project, bus, func, is_history, created_at, updated_at, deleted_at, create_by, update_by) VALUES (206, 'go-admin/app/worklist/apis.TbTodo.Insert-fm', '任务创建', '/api/v1/todo/list', 'BUS', 'POST', 'worklist', 'TbTodo', 'Insert', '0', '2022-05-05 11:30:37.239', '2022-05-18 15:40:39.591', null, '0', 0);
INSERT INTO sys_api (id, handle, name, path, type, method, project, bus, func, is_history, created_at, updated_at, deleted_at, create_by, update_by) VALUES (207, 'go-admin/app/tools/apis.SysForm.Update-fm', '修改', '/api/v1/sys-form/:id', '', 'PUT', 'tools', 'SysForm', 'Update', '1', '2022-05-05 11:30:37.240', '2022-09-21 19:13:12.474', null, '0', 0);
INSERT INTO sys_api (id, handle, name, path, type, method, project, bus, func, is_history, created_at, updated_at, deleted_at, create_by, update_by) VALUES (208, 'go-admin/app/workflow/apis.WfProcessInfo.Update-fm', '', '/api/v1/process/:id', '', 'PUT', 'workflow', 'WfProcessInfo', 'Update', '1', '2022-05-05 11:30:37.241', '2022-09-21 19:13:12.474', null, '0', 0);
INSERT INTO sys_api (id, handle, name, path, type, method, project, bus, func, is_history, created_at, updated_at, deleted_at, create_by, update_by) VALUES (209, 'go-admin/app/workflow/apis.WfWorkOrderInfo.Update-fm', '', '/api/v1/work-order/:id', '', 'PUT', 'workflow', 'WfWorkOrderInfo', 'Update', '1', '2022-05-05 11:30:37.242', '2022-09-21 19:13:12.474', null, '0', 0);
INSERT INTO sys_api (id, handle, name, path, type, method, project, bus, func, is_history, created_at, updated_at, deleted_at, create_by, update_by) VALUES (210, 'go-admin/app/worklist/apis.TbTodo.Update-fm', '任务更新', '/api/v1/todo/list/:id', 'BUS', 'PUT', 'worklist', 'TbTodo', 'Update', '0', '2022-05-05 11:30:37.243', '2022-05-18 15:40:06.473', null, '0', 0);
INSERT INTO sys_api (id, handle, name, path, type, method, project, bus, func, is_history, created_at, updated_at, deleted_at, create_by, update_by) VALUES (211, 'go-admin/app/admin/apis.SysAbnormalLog.Delete-fm', '删除异常日志', '/api/v1/sys-abnormal-log', 'BUS', 'DELETE', 'admin', 'SysAbnormalLog', 'Delete', '0', '2022-05-05 11:30:37.243', '2022-09-21 20:53:00.376', null, '0', 0);
INSERT INTO sys_api (id, handle, name, path, type, method, project, bus, func, is_history, created_at, updated_at, deleted_at, create_by, update_by) VALUES (212, 'go-admin/app/admin/apis.SysOperateLog.Delete-fm', '删除操作日志', '/api/v1/sys-operate-log', 'BUS', 'DELETE', 'admin', 'SysOperateLog', 'Delete', '0', '2022-05-05 11:30:37.244', '2022-09-21 20:54:04.720', null, '0', 0);
INSERT INTO sys_api (id, handle, name, path, type, method, project, bus, func, is_history, created_at, updated_at, deleted_at, create_by, update_by) VALUES (213, 'go-admin/app/admin/apis.SysRequestLog.Delete-fm', '删除操作日志', '/api/v1/sys-request-log', 'BUS', 'DELETE', 'admin', 'SysRequestLog', 'Delete', '0', '2022-05-05 11:30:37.244', '2022-09-21 20:54:09.561', null, '0', 0);
INSERT INTO sys_api (id, handle, name, path, type, method, project, bus, func, is_history, created_at, updated_at, deleted_at, create_by, update_by) VALUES (214, 'go-admin/app/tools/apis.SysForm.Delete-fm', '删除', '/api/v1/sys-form', '', 'DELETE', 'tools', 'SysForm', 'Delete', '1', '2022-05-05 11:30:37.245', '2022-09-21 19:13:12.474', null, '0', 0);
INSERT INTO sys_api (id, handle, name, path, type, method, project, bus, func, is_history, created_at, updated_at, deleted_at, create_by, update_by) VALUES (215, 'go-admin/app/workflow/apis.WfProcessInfo.Delete-fm', '', '/api/v1/process', '', 'DELETE', 'workflow', 'WfProcessInfo', 'Delete', '1', '2022-05-05 11:30:37.246', '2022-09-21 19:13:12.474', null, '0', 0);
INSERT INTO sys_api (id, handle, name, path, type, method, project, bus, func, is_history, created_at, updated_at, deleted_at, create_by, update_by) VALUES (216, 'go-admin/app/workflow/apis.WfWorkOrderInfo.Delete-fm', '删除工单', '/api/v1/work-order', '', 'DELETE', 'workflow', 'WfWorkOrderInfo', 'Delete', '1', '2022-05-05 11:30:37.247', '2022-09-21 19:13:12.474', null, '0', 0);
INSERT INTO sys_api (id, handle, name, path, type, method, project, bus, func, is_history, created_at, updated_at, deleted_at, create_by, update_by) VALUES (217, 'go-admin/app/worklist/apis.TbTodo.Delete-fm', '任务删除', '/api/v1/todo/list', 'BUS', 'DELETE', 'worklist', 'TbTodo', 'Delete', '0', '2022-05-05 11:30:37.248', '2022-05-18 15:40:25.232', null, '0', 0);
INSERT INTO sys_api (id, handle, name, path, type, method, project, bus, func, is_history, created_at, updated_at, deleted_at, create_by, update_by) VALUES (218, 'github.com/swaggo/gin-swagger.CustomWrapHandler.func1', '', '/api/swagger/*any', '', 'GET', '', '', null, '0', '2022-05-08 08:13:19.368', '2022-05-08 08:13:19.368', null, '0', 0);
INSERT INTO sys_api (id, handle, name, path, type, method, project, bus, func, is_history, created_at, updated_at, deleted_at, create_by, update_by) VALUES (219, 'go-admin/app/admin/apis.SysApi.Delete-fm', '接口删除', '/api/v1/sys-api', 'BUS', 'PUT', 'admin', 'SysApi', 'Delete', '0', '2022-05-08 10:13:53.573', '2022-09-21 20:51:24.120', null, '0', 0);
INSERT INTO sys_api (id, handle, name, path, type, method, project, bus, func, is_history, created_at, updated_at, deleted_at, create_by, update_by) VALUES (220, 'go-admin/app/admin/apis.SysApi.GetList-fm', '接口列表List', '/api/v1/sys-api/list', 'BUS', 'GET', 'admin', 'SysApi', 'GetList', '0', '2022-05-17 17:00:26.386', '2022-05-18 15:16:53.665', null, '0', 0);
INSERT INTO sys_api (id, handle, name, path, type, method, project, bus, func, is_history, created_at, updated_at, deleted_at, create_by, update_by) VALUES (221, 'go-admin/app/admin/apis.SysConfig.GetPage-fm', '获取配置管理列表', '/api/v1/sys-config', '', 'GET', 'admin', 'SysConfig', 'GetPage', '0', '2022-05-23 14:29:18.641', '2022-05-23 14:29:18.641', null, '0', 0);
INSERT INTO sys_api (id, handle, name, path, type, method, project, bus, func, is_history, created_at, updated_at, deleted_at, create_by, update_by) VALUES (222, 'go-admin/app/admin/apis.SysConfig.Get-fm', '根据Key获取SysConfig的Service', '/api/v1/sys-config/:id', '', 'GET', 'admin', 'SysConfig', 'Get', '0', '2022-05-23 14:29:18.646', '2022-05-23 14:29:18.646', null, '0', 0);
INSERT INTO sys_api (id, handle, name, path, type, method, project, bus, func, is_history, created_at, updated_at, deleted_at, create_by, update_by) VALUES (223, 'go-admin/app/admin/apis.SysConfig.Insert-fm', '创建配置管理', '/api/v1/sys-config', '', 'POST', 'admin', 'SysConfig', 'Insert', '0', '2022-05-23 14:29:18.949', '2022-05-23 14:29:18.949', null, '0', 0);
INSERT INTO sys_api (id, handle, name, path, type, method, project, bus, func, is_history, created_at, updated_at, deleted_at, create_by, update_by) VALUES (224, 'go-admin/app/admin/apis.SysConfig.Update-fm', '修改配置管理', '/api/v1/sys-config/:id', '', 'PUT', 'admin', 'SysConfig', 'Update', '0', '2022-05-23 14:29:19.037', '2022-05-23 14:29:19.037', null, '0', 0);
INSERT INTO sys_api (id, handle, name, path, type, method, project, bus, func, is_history, created_at, updated_at, deleted_at, create_by, update_by) VALUES (225, 'go-admin/app/admin/apis.SysConfig.Delete-fm', '删除配置管理', '/api/v1/sys-config', '', 'DELETE', 'admin', 'SysConfig', 'Delete', '0', '2022-05-23 14:29:19.115', '2022-05-23 14:29:19.115', null, '0', 0);
INSERT INTO sys_api (id, handle, name, path, type, method, project, bus, func, is_history, created_at, updated_at, deleted_at, create_by, update_by) VALUES (226, 'go-admin/common/actions.IndexAction.func1', '', '/api/v1/sys-jobs', '', 'GET', '', '', '', '1', '2022-06-02 15:38:06.429', '2022-09-21 19:13:12.474', null, '0', 0);
INSERT INTO sys_api (id, handle, name, path, type, method, project, bus, func, is_history, created_at, updated_at, deleted_at, create_by, update_by) VALUES (227, 'go-admin/common/actions.ViewAction.func1', '', '/api/v1/sys-jobs/:id', '', 'GET', '', '', '', '1', '2022-06-02 15:38:06.434', '2022-09-21 19:13:12.474', null, '0', 0);
INSERT INTO sys_api (id, handle, name, path, type, method, project, bus, func, is_history, created_at, updated_at, deleted_at, create_by, update_by) VALUES (228, 'go-admin/common/actions.CreateAction.func1', '', '/api/v1/sys-jobs', '', 'POST', '', '', '', '1', '2022-06-02 15:38:06.746', '2022-09-21 19:13:12.474', null, '0', 0);
INSERT INTO sys_api (id, handle, name, path, type, method, project, bus, func, is_history, created_at, updated_at, deleted_at, create_by, update_by) VALUES (229, 'go-admin/common/actions.UpdateAction.func1', '', '/api/v1/sys-jobs', '', 'PUT', '', '', '', '1', '2022-06-02 15:38:06.831', '2022-09-21 19:13:12.474', null, '0', 0);
INSERT INTO sys_api (id, handle, name, path, type, method, project, bus, func, is_history, created_at, updated_at, deleted_at, create_by, update_by) VALUES (230, 'go-admin/common/actions.DeleteAction.func1', '', '/api/v1/sys-jobs', '', 'DELETE', '', '', '', '1', '2022-06-02 15:38:06.906', '2022-09-21 19:13:12.474', null, '0', 0);
INSERT INTO sys_api (id, handle, name, path, type, method, project, bus, func, is_history, created_at, updated_at, deleted_at, create_by, update_by) VALUES (231, 'go-admin/app/jobs/apis.SysJob.GetPage-fm', '获取列表', '/api/v1/sys-job', '', 'GET', 'jobs', 'SysJob', 'GetPage', '0', '2022-06-05 07:30:49.747', '2022-09-21 19:13:10.714', null, '0', 0);
INSERT INTO sys_api (id, handle, name, path, type, method, project, bus, func, is_history, created_at, updated_at, deleted_at, create_by, update_by) VALUES (232, 'go-admin/app/jobs/apis.SysJob.Get-fm', '获取', '/api/v1/sys-job/:id', '', 'GET', 'jobs', 'SysJob', 'Get', '0', '2022-06-05 07:30:49.751', '2022-09-21 19:13:10.824', null, '0', 0);
INSERT INTO sys_api (id, handle, name, path, type, method, project, bus, func, is_history, created_at, updated_at, deleted_at, create_by, update_by) VALUES (233, 'go-admin/app/jobs/apis.SysJob.Insert-fm', '创建', '/api/v1/sys-job', '', 'POST', 'jobs', 'SysJob', 'Insert', '0', '2022-06-05 07:30:50.067', '2022-09-21 19:13:11.059', null, '0', 0);
INSERT INTO sys_api (id, handle, name, path, type, method, project, bus, func, is_history, created_at, updated_at, deleted_at, create_by, update_by) VALUES (234, 'go-admin/app/jobs/apis.SysJob.Update-fm', '修改', '/api/v1/sys-job/:id', '', 'PUT', 'jobs', 'SysJob', 'Update', '1', '2022-06-05 07:30:50.154', '2022-09-21 19:13:12.474', null, '0', 0);
INSERT INTO sys_api (id, handle, name, path, type, method, project, bus, func, is_history, created_at, updated_at, deleted_at, create_by, update_by) VALUES (235, 'go-admin/app/jobs/apis.SysJob.Delete-fm', '', '/api/v1/sys-job', '', 'DELETE', 'jobs', 'SysJob', 'Delete', '1', '2022-06-05 07:30:50.230', '2022-09-21 19:13:12.474', null, '0', 0);
INSERT INTO sys_api (id, handle, name, path, type, method, project, bus, func, is_history, created_at, updated_at, deleted_at, create_by, update_by) VALUES (236, 'go-admin/app/jobs/apis.SysJob.Update-fm', '', '/api/v1/sys-job', '', 'PUT', 'jobs', 'SysJob', 'Update', '0', '2022-06-05 14:29:33.592', '2022-06-05 14:29:33.592', null, '0', 0);
INSERT INTO sys_api (id, handle, name, path, type, method, project, bus, func, is_history, created_at, updated_at, deleted_at, create_by, update_by) VALUES (237, 'go-admin/app/jobs/apis.SysJob.Delete-fm', '删除', '/api/v1/sys-job/:id', '', 'DELETE', 'jobs', 'SysJob', 'Delete', '0', '2022-06-06 14:07:53.523', '2022-09-21 19:13:11.909', null, '0', 0);

INSERT INTO sys_dept VALUES (1, '0', '/0/1/', '爱拓科技', '0', 'aituo', '13782218188', 'atuo@aituo.com', '2', '1', '1', '2021-05-13 19:56:37.913', '2021-06-05 17:06:44.960', NULL);
INSERT INTO sys_dept VALUES (7, '1', '/0/1/7/', '研发部', '1', 'aituo', '13782218188', 'atuo@aituo.com', '2', '1', '1', '2021-05-13 19:56:37.913', '2021-06-16 21:35:00.109', NULL);
INSERT INTO sys_dept VALUES (8, '1', '/0/1/8/', '运维部', '0', 'aituo', '13782218188', 'atuo@aituo.com', '2', '1', '1', '2021-05-13 19:56:37.913', '2021-06-16 21:41:39.747', NULL);
INSERT INTO sys_dept VALUES (9, '1', '/0/1/9/', '客服部', '0', 'aituo', '13782218188', 'atuo@aituo.com', '2', '1', '1', '2021-05-13 19:56:37.913', '2021-06-05 17:07:05.993', NULL);
INSERT INTO sys_dept VALUES (10, '1', '/0/1/10/', '人力资源', 3, 'aituo', '13782218188', 'atuo@aituo.com', '1', '1', '1', '2021-05-13 19:56:37.913', '2021-06-05 17:07:08.503', NULL);

INSERT INTO sys_dict_data VALUES (1, '0', '正常', '2', 'sys_normal_disable', '', '', '', '2', '系统正常', '1', '1', '2021-05-13 19:56:37.914', '2021-05-13 19:56:40.168', NULL);
INSERT INTO sys_dict_data VALUES (2, '0', '停用', '1', 'sys_normal_disable', '', '', '', '2', '系统停用', '1', '1', '2021-05-13 19:56:37.914', '2021-05-13 19:56:37.914', NULL);
INSERT INTO sys_dict_data VALUES (3, '0', '男', '0', 'sys_user_sex', '', '', '', '2', '性别男', '1', '1', '2021-05-13 19:56:37.914', '2021-05-13 19:56:37.914', NULL);
INSERT INTO sys_dict_data VALUES (4, '0', '女', '1', 'sys_user_sex', '', '', '', '2', '性别女', '1', '1', '2021-05-13 19:56:37.914', '2021-05-13 19:56:37.914', NULL);
INSERT INTO sys_dict_data VALUES (5, '0', '未知', '2', 'sys_user_sex', '', '', '', '2', '性别未知', '1', '1', '2021-05-13 19:56:37.914', '2021-05-13 19:56:37.914', NULL);
INSERT INTO sys_dict_data VALUES (6, '0', '显示', '0', 'sys_show_hide', '', '', '', '2', '显示菜单', '1', '1', '2021-05-13 19:56:37.914', '2021-05-13 19:56:37.914', NULL);
INSERT INTO sys_dict_data VALUES (7, '0', '隐藏', '1', 'sys_show_hide', '', '', '', '2', '隐藏菜单', '1', '1', '2021-05-13 19:56:37.914', '2021-05-13 19:56:37.914', NULL);
INSERT INTO sys_dict_data VALUES (8, '0', '是', 'Y', 'sys_yes_no', '', '', '', '2', '系统默认是', '1', '1', '2021-05-13 19:56:37.914', '2021-05-13 19:56:37.914', NULL);
INSERT INTO sys_dict_data VALUES (9, '0', '否', 'N', 'sys_yes_no', '', '', '', '2', '系统默认否', '1', '1', '2021-05-13 19:56:37.914', '2021-05-13 19:56:37.914', NULL);
INSERT INTO sys_dict_data VALUES (10, '0', '正常', '2', 'sys_job_status', '', '', '', '2', '正常状态', '1', '1', '2021-05-13 19:56:37.914', '2021-05-13 19:56:37.914', NULL);
INSERT INTO sys_dict_data VALUES (11, '0', '停用', '1', 'sys_job_status', '', '', '', '2', '停用状态', '1', '1', '2021-05-13 19:56:37.914', '2021-05-13 19:56:37.914', NULL);
INSERT INTO sys_dict_data VALUES (12, '0', '默认', 'DEFAULT', 'sys_job_group', '', '', '', '2', '默认分组', '1', '1', '2021-05-13 19:56:37.914', '2021-05-13 19:56:37.914', NULL);
INSERT INTO sys_dict_data VALUES (13, '0', '系统', 'SYSTEM', 'sys_job_group', '', '', '', '2', '系统分组', '1', '1', '2021-05-13 19:56:37.914', '2021-05-13 19:56:37.914', NULL);
INSERT INTO sys_dict_data VALUES (14, '0', '通知', '1', 'sys_notice_type', '', '', '', '2', '通知', '1', '1', '2021-05-13 19:56:37.914', '2021-05-13 19:56:37.914', NULL);
INSERT INTO sys_dict_data VALUES (15, '0', '公告', '2', 'sys_notice_type', '', '', '', '2', '公告', '1', '1', '2021-05-13 19:56:37.914', '2021-05-13 19:56:37.914', NULL);
INSERT INTO sys_dict_data VALUES (16, '0', '正常', '2', 'sys_common_status', '', '', '', '2', '正常状态', '1', '1', '2021-05-13 19:56:37.914', '2021-05-13 19:56:37.914', NULL);
INSERT INTO sys_dict_data VALUES (17, '0', '关闭', '1', 'sys_common_status', '', '', '', '2', '关闭状态', '1', '1', '2021-05-13 19:56:37.914', '2021-05-13 19:56:37.914', NULL);
INSERT INTO sys_dict_data VALUES (18, '0', '新增', '1', 'sys_oper_type', '', '', '', '2', '新增操作', '1', '1', '2021-05-13 19:56:37.914', '2021-05-13 19:56:37.914', NULL);
INSERT INTO sys_dict_data VALUES (19, '0', '修改', '2', 'sys_oper_type', '', '', '', '2', '修改操作', '1', '1', '2021-05-13 19:56:37.914', '2021-05-13 19:56:37.914', NULL);
INSERT INTO sys_dict_data VALUES (20, '0', '删除', '3', 'sys_oper_type', '', '', '', '2', '删除操作', '1', '1', '2021-05-13 19:56:37.914', '2021-05-13 19:56:37.914', NULL);
INSERT INTO sys_dict_data VALUES (21, '0', '授权', '4', 'sys_oper_type', '', '', '', '2', '授权操作', '1', '1', '2021-05-13 19:56:37.914', '2021-05-13 19:56:37.914', NULL);
INSERT INTO sys_dict_data VALUES (22, '0', '导出', '5', 'sys_oper_type', '', '', '', '2', '导出操作', '1', '1', '2021-05-13 19:56:37.914', '2021-05-13 19:56:37.914', NULL);
INSERT INTO sys_dict_data VALUES (23, '0', '导入', '6', 'sys_oper_type', '', '', '', '2', '导入操作', '1', '1', '2021-05-13 19:56:37.914', '2021-05-13 19:56:37.914', NULL);
INSERT INTO sys_dict_data VALUES (24, '0', '强退', '7', 'sys_oper_type', '', '', '', '2', '强退操作', '1', '1', '2021-05-13 19:56:37.914', '2021-05-13 19:56:37.914', NULL);
INSERT INTO sys_dict_data VALUES (25, '0', '生成代码', '8', 'sys_oper_type', '', '', '', '2', '生成操作', '1', '1', '2021-05-13 19:56:37.914', '2021-05-13 19:56:37.914', NULL);
INSERT INTO sys_dict_data VALUES (26, '0', '清空数据', '9', 'sys_oper_type', '', '', '', '2', '清空操作', '1', '1', '2021-05-13 19:56:37.914', '2021-05-13 19:56:37.914', NULL);
INSERT INTO sys_dict_data VALUES (27, '0', '成功', '0', 'sys_notice_status', '', '', '', '2', '成功状态', '1', '1', '2021-05-13 19:56:37.914', '2021-05-13 19:56:37.914', NULL);
INSERT INTO sys_dict_data VALUES (28, '0', '失败', '1', 'sys_notice_status', '', '', '', '2', '失败状态', '1', '1', '2021-05-13 19:56:37.914', '2021-05-13 19:56:37.914', NULL);
INSERT INTO sys_dict_data VALUES (29, '0', '登录', '10', 'sys_oper_type', '', '', '', '2', '登录操作', '1', '1', '2021-05-13 19:56:37.914', '2021-05-13 19:56:37.914', NULL);
INSERT INTO sys_dict_data VALUES (30, '0', '退出', '11', 'sys_oper_type', '', '', '', '2', '', '1', '1', '2021-05-13 19:56:37.914', '2021-05-13 19:56:37.914', NULL);
INSERT INTO sys_dict_data VALUES (31, '0', '获取验证码', '12', 'sys_oper_type', '', '', '', '2', '获取验证码', '1', '1', '2021-05-13 19:56:37.914', '2021-05-13 19:56:37.914', NULL);
INSERT INTO sys_dict_data VALUES (32, '0', '正常', '1', 'sys_content_status', '', '', '', '1', '', '1', '1', '2021-05-13 19:56:40.845', '2021-05-13 19:56:40.845', NULL);
INSERT INTO sys_dict_data VALUES (33, '1', '禁用', '2', 'sys_content_status', '', '', '', '1', '', '1', '1', '2021-05-13 19:56:40.845', '2021-05-13 19:56:40.845', NULL);

INSERT INTO sys_dict_type VALUES (1, '系统开关', 'sys_normal_disable', '2', '系统开关列表', '1', '1', '2021-05-13 19:56:37.914', '2021-05-13 19:56:37.914', NULL);
INSERT INTO sys_dict_type VALUES (2, '用户性别', 'sys_user_sex', '2', '用户性别列表', '1', '1', '2021-05-13 19:56:37.914', '2021-05-13 19:56:37.914', NULL);
INSERT INTO sys_dict_type VALUES (3, '菜单状态', 'sys_show_hide', '2', '菜单状态列表', '1', '1', '2021-05-13 19:56:37.914', '2021-05-13 19:56:37.914', NULL);
INSERT INTO sys_dict_type VALUES (4, '系统是否', 'sys_yes_no', '2', '系统是否列表', '1', '1', '2021-05-13 19:56:37.914', '2021-05-13 19:56:37.914', NULL);
INSERT INTO sys_dict_type VALUES (5, '任务状态', 'sys_job_status', '2', '任务状态列表', '1', '1', '2021-05-13 19:56:37.914', '2021-05-13 19:56:37.914', NULL);
INSERT INTO sys_dict_type VALUES (6, '任务分组', 'sys_job_group', '2', '任务分组列表', '1', '1', '2021-05-13 19:56:37.914', '2021-05-13 19:56:37.914', NULL);
INSERT INTO sys_dict_type VALUES (7, '通知类型', 'sys_notice_type', '2', '通知类型列表', '1', '1', '2021-05-13 19:56:37.914', '2021-05-13 19:56:37.914', NULL);
INSERT INTO sys_dict_type VALUES (8, '系统状态', 'sys_common_status', '2', '登录状态列表', '1', '1', '2021-05-13 19:56:37.914', '2021-05-13 19:56:37.914', NULL);
INSERT INTO sys_dict_type VALUES (9, '操作类型', 'sys_oper_type', '2', '操作类型列表', '1', '1', '2021-05-13 19:56:37.914', '2021-05-13 19:56:37.914', NULL);
INSERT INTO sys_dict_type VALUES (10, '通知状态', 'sys_notice_status', '2', '通知状态列表', '1', '1', '2021-05-13 19:56:37.914', '2021-05-13 19:56:37.914', NULL);
INSERT INTO sys_dict_type VALUES (11, '内容状态', 'sys_content_status', '2', '', '1', '1', '2021-05-13 19:56:40.813', '2021-05-13 19:56:40.813', NULL);
INSERT INTO sys_dict_type (dict_id, dict_name, dict_type, status, remark, create_by, update_by, created_at, updated_at, deleted_at) VALUES (25, '华为云对象存储端点', 'oxs_obs_endpoint', '2', '华为云对象存储端点', '0', '0', '2022-08-18 16:12:51.837', '2022-08-18 16:12:51.837', NULL);
INSERT INTO sys_dict_type (dict_id, dict_name, dict_type, status, remark, create_by, update_by, created_at, updated_at, deleted_at) VALUES (26, '阿里云对象存储区域', 'oxs_oss_region', '2', '', '0', '0', '2022-08-18 16:12:58.161', '2022-08-18 16:12:58.161', NULL);
INSERT INTO sys_dict_type (dict_id, dict_name, dict_type, status, remark, create_by, update_by, created_at, updated_at, deleted_at) VALUES (27, '腾讯云对象存储区域', 'oxs_cos_region', '2', '', '0', '0', '2022-08-18 16:14:00.151', '2022-08-18 16:14:00.151', NULL);
INSERT INTO sys_dict_type (dict_id, dict_name, dict_type, status, remark, create_by, update_by, created_at, updated_at, deleted_at) VALUES (28, '七牛云对象存储区域', 'oxs_kodo_region', '2', '', '0', '0', '2022-08-18 16:14:20.597', '2022-08-18 16:14:20.597', NULL);
INSERT INTO sys_dict_data (dict_code, dict_sort, dict_label, dict_value, dict_type, css_class, list_class, is_default, status, remark, create_by, update_by, created_at, updated_at, deleted_at) VALUES (82, '1', '华东1（杭州）', 'cn-hangzhou', 'oxs_oss_region', '', '', '', '2', '', '0', '0', '2022-08-18 16:15:33.807', '2022-08-18 16:15:33.807', NULL);
INSERT INTO sys_dict_data (dict_code, dict_sort, dict_label, dict_value, dict_type, css_class, list_class, is_default, status, remark, create_by, update_by, created_at, updated_at, deleted_at) VALUES (83, '2', '华东2（上海）', 'cn-shanghai', 'oxs_oss_region', '', '', '', '2', '', '0', '0', '2022-08-18 16:15:44.063', '2022-08-18 16:15:44.063', NULL);
INSERT INTO sys_dict_data (dict_code, dict_sort, dict_label, dict_value, dict_type, css_class, list_class, is_default, status, remark, create_by, update_by, created_at, updated_at, deleted_at) VALUES (84, '3', '华东5（南京本地地域）', 'cn-nanjing', 'oxs_oss_region', '', '', '', '2', '', '0', '0', '2022-08-18 16:15:52.569', '2022-08-18 16:19:26.784', NULL);
INSERT INTO sys_dict_data (dict_code, dict_sort, dict_label, dict_value, dict_type, css_class, list_class, is_default, status, remark, create_by, update_by, created_at, updated_at, deleted_at) VALUES (85, '4', '华东6（福州本地地域）', 'cn-fuzhou', 'oxs_oss_region', '', '', '', '2', '', '0', '0', '2022-08-18 16:15:52.569', '2022-08-18 16:19:37.388', NULL);
INSERT INTO sys_dict_data (dict_code, dict_sort, dict_label, dict_value, dict_type, css_class, list_class, is_default, status, remark, create_by, update_by, created_at, updated_at, deleted_at) VALUES (86, '5', '华北1（青岛）', 'cn-qingdao', 'oxs_oss_region', '', '', '', '2', '', '0', '0', '2022-08-18 16:19:23.560', '2022-08-18 16:19:40.071', NULL);
INSERT INTO sys_dict_data (dict_code, dict_sort, dict_label, dict_value, dict_type, css_class, list_class, is_default, status, remark, create_by, update_by, created_at, updated_at, deleted_at) VALUES (87, '6', '华北2（北京）', 'cn-beijing', 'oxs_oss_region', '', '', '', '2', '', '0', '0', '2022-08-18 16:19:54.331', '2022-08-18 16:19:54.331', NULL);
INSERT INTO sys_dict_data (dict_code, dict_sort, dict_label, dict_value, dict_type, css_class, list_class, is_default, status, remark, create_by, update_by, created_at, updated_at, deleted_at) VALUES (88, '7', '华北 3（张家口）', 'cn-zhangjiakou', 'oxs_oss_region', '', '', '', '2', '', '0', '0', '2022-08-18 16:20:06.252', '2022-08-18 16:20:06.252', NULL);
INSERT INTO sys_dict_data (dict_code, dict_sort, dict_label, dict_value, dict_type, css_class, list_class, is_default, status, remark, create_by, update_by, created_at, updated_at, deleted_at) VALUES (89, '8', '华北5（呼和浩特）', 'cn-huhehaote', 'oxs_oss_region', '', '', '', '2', '', '0', '0', '2022-08-18 16:20:16.713', '2022-08-18 16:20:16.713', NULL);
INSERT INTO sys_dict_data (dict_code, dict_sort, dict_label, dict_value, dict_type, css_class, list_class, is_default, status, remark, create_by, update_by, created_at, updated_at, deleted_at) VALUES (90, '9', '华北6（乌兰察布）', 'cn-wulanchabu', 'oxs_oss_region', '', '', '', '2', '', '0', '0', '2022-08-18 16:20:28.869', '2022-08-18 16:20:28.869', NULL);
INSERT INTO sys_dict_data (dict_code, dict_sort, dict_label, dict_value, dict_type, css_class, list_class, is_default, status, remark, create_by, update_by, created_at, updated_at, deleted_at) VALUES (91, '10', '华南1（深圳）', 'cn-shenzhen', 'oxs_oss_region', '', '', '', '2', '', '0', '0', '2022-08-18 16:20:39.676', '2022-08-18 16:20:39.676', NULL);
INSERT INTO sys_dict_data (dict_code, dict_sort, dict_label, dict_value, dict_type, css_class, list_class, is_default, status, remark, create_by, update_by, created_at, updated_at, deleted_at) VALUES (92, '11', '华南2（河源）', 'cn-heyuan', 'oxs_oss_region', '', '', '', '2', '', '0', '0', '2022-08-18 16:20:48.988', '2022-08-18 16:20:48.988', NULL);
INSERT INTO sys_dict_data (dict_code, dict_sort, dict_label, dict_value, dict_type, css_class, list_class, is_default, status, remark, create_by, update_by, created_at, updated_at, deleted_at) VALUES (93, '12', '华南3（广州）', 'cn-guangzhou', 'oxs_oss_region', '', '', '', '2', '', '0', '0', '2022-08-18 16:20:58.914', '2022-08-18 16:20:58.914', NULL);
INSERT INTO sys_dict_data (dict_code, dict_sort, dict_label, dict_value, dict_type, css_class, list_class, is_default, status, remark, create_by, update_by, created_at, updated_at, deleted_at) VALUES (94, '13', '西南1（成都）', 'cn-chengdu', 'oxs_oss_region', '', '', '', '2', '', '0', '0', '2022-08-18 16:21:09.252', '2022-08-18 16:21:09.252', NULL);
INSERT INTO sys_dict_data (dict_code, dict_sort, dict_label, dict_value, dict_type, css_class, list_class, is_default, status, remark, create_by, update_by, created_at, updated_at, deleted_at) VALUES (95, '14', '中国（香港）', 'cn-hongkong', 'oxs_oss_region', '', '', '', '2', '', '0', '0', '2022-08-18 16:21:27.068', '2022-08-18 16:21:27.068', NULL);
INSERT INTO sys_dict_data (dict_code, dict_sort, dict_label, dict_value, dict_type, css_class, list_class, is_default, status, remark, create_by, update_by, created_at, updated_at, deleted_at) VALUES (96, '15', '美国（硅谷）', 'us-west-1', 'oxs_oss_region', '', '', '', '2', '', '0', '0', '2022-08-18 16:21:37.248', '2022-08-18 16:22:29.842', NULL);
INSERT INTO sys_dict_data (dict_code, dict_sort, dict_label, dict_value, dict_type, css_class, list_class, is_default, status, remark, create_by, update_by, created_at, updated_at, deleted_at) VALUES (97, '16', '美国（弗吉尼亚）', 'us-east-1', 'oxs_oss_region', '', '', '', '2', '', '0', '0', '2022-08-18 16:22:57.431', '2022-08-18 16:22:57.431', NULL);
INSERT INTO sys_dict_data (dict_code, dict_sort, dict_label, dict_value, dict_type, css_class, list_class, is_default, status, remark, create_by, update_by, created_at, updated_at, deleted_at) VALUES (98, '17', '日本（东京）', 'ap-northeast-1', 'oxs_oss_region', '', '', '', '2', '', '0', '0', '2022-08-18 16:23:08.281', '2022-08-18 16:23:08.281', NULL);
INSERT INTO sys_dict_data (dict_code, dict_sort, dict_label, dict_value, dict_type, css_class, list_class, is_default, status, remark, create_by, update_by, created_at, updated_at, deleted_at) VALUES (99, '18', '韩国（首尔）', 'ap-northeast-2', 'oxs_oss_region', '', '', '', '2', '', '0', '0', '2022-08-18 16:23:20.058', '2022-08-18 16:23:20.058', NULL);
INSERT INTO sys_dict_data (dict_code, dict_sort, dict_label, dict_value, dict_type, css_class, list_class, is_default, status, remark, create_by, update_by, created_at, updated_at, deleted_at) VALUES (100, '19', '新加坡', 'ap-southeast-1', 'oxs_oss_region', '', '', '', '2', '', '0', '0', '2022-08-18 16:23:32.593', '2022-08-18 16:23:32.593', NULL);
INSERT INTO sys_dict_data (dict_code, dict_sort, dict_label, dict_value, dict_type, css_class, list_class, is_default, status, remark, create_by, update_by, created_at, updated_at, deleted_at) VALUES (101, '20', '澳大利亚（悉尼）', 'ap-southeast-2', 'oxs_oss_region', '', '', '', '2', '', '0', '0', '2022-08-18 16:23:46.194', '2022-08-18 16:23:46.194', NULL);
INSERT INTO sys_dict_data (dict_code, dict_sort, dict_label, dict_value, dict_type, css_class, list_class, is_default, status, remark, create_by, update_by, created_at, updated_at, deleted_at) VALUES (102, '21', '马来西亚（吉隆坡）', 'ap-southeast-3', 'oxs_oss_region', '', '', '', '2', '', '0', '0', '2022-08-18 16:23:57.887', '2022-08-18 16:23:57.887', NULL);
INSERT INTO sys_dict_data (dict_code, dict_sort, dict_label, dict_value, dict_type, css_class, list_class, is_default, status, remark, create_by, update_by, created_at, updated_at, deleted_at) VALUES (103, '22', '印度尼西亚（雅加达）', 'ap-southeast-5', 'oxs_oss_region', '', '', '', '2', '', '0', '0', '2022-08-18 16:24:08.573', '2022-08-18 16:24:08.573', NULL);
INSERT INTO sys_dict_data (dict_code, dict_sort, dict_label, dict_value, dict_type, css_class, list_class, is_default, status, remark, create_by, update_by, created_at, updated_at, deleted_at) VALUES (104, '23', '菲律宾（马尼拉）', 'ap-southeast-6', 'oxs_oss_region', '', '', '', '2', '', '0', '0', '2022-08-18 16:24:19.644', '2022-08-18 16:24:19.644', NULL);
INSERT INTO sys_dict_data (dict_code, dict_sort, dict_label, dict_value, dict_type, css_class, list_class, is_default, status, remark, create_by, update_by, created_at, updated_at, deleted_at) VALUES (105, '24', '泰国（曼谷）', 'ap-southeast-7', 'oxs_oss_region', '', '', '', '2', '', '0', '0', '2022-08-18 16:24:38.873', '2022-08-18 16:24:38.873', NULL);
INSERT INTO sys_dict_data (dict_code, dict_sort, dict_label, dict_value, dict_type, css_class, list_class, is_default, status, remark, create_by, update_by, created_at, updated_at, deleted_at) VALUES (106, '25', '印度（孟买）', 'ap-south-1', 'oxs_oss_region', '', '', '', '2', '', '0', '0', '2022-08-18 16:24:50.233', '2022-08-18 16:24:50.233', NULL);
INSERT INTO sys_dict_data (dict_code, dict_sort, dict_label, dict_value, dict_type, css_class, list_class, is_default, status, remark, create_by, update_by, created_at, updated_at, deleted_at) VALUES (107, '26', '德国（法兰克福）', 'eu-central-1', 'oxs_oss_region', '', '', '', '2', '', '0', '0', '2022-08-18 16:25:01.051', '2022-08-18 16:25:01.051', NULL);
INSERT INTO sys_dict_data (dict_code, dict_sort, dict_label, dict_value, dict_type, css_class, list_class, is_default, status, remark, create_by, update_by, created_at, updated_at, deleted_at) VALUES (108, '27', '英国（伦敦）', 'eu-west-1', 'oxs_oss_region', '', '', '', '2', '', '0', '0', '2022-08-18 16:25:22.796', '2022-08-18 16:25:22.796', NULL);
INSERT INTO sys_dict_data (dict_code, dict_sort, dict_label, dict_value, dict_type, css_class, list_class, is_default, status, remark, create_by, update_by, created_at, updated_at, deleted_at) VALUES (109, '28', '阿联酋（迪拜）', 'oss-me-east-1', 'oxs_oss_region', '', '', '', '2', '', '0', '0', '2022-08-18 16:25:35.182', '2022-08-18 16:25:35.182', NULL);
INSERT INTO sys_dict_data (dict_code, dict_sort, dict_label, dict_value, dict_type, css_class, list_class, is_default, status, remark, create_by, update_by, created_at, updated_at, deleted_at) VALUES (110, '1', '北京一区', 'ap-beijing-1', 'oxs_cos_region', '', '', '', '2', '', '0', '0', '2022-08-18 16:28:37.639', '2022-08-18 16:28:37.639', NULL);
INSERT INTO sys_dict_data (dict_code, dict_sort, dict_label, dict_value, dict_type, css_class, list_class, is_default, status, remark, create_by, update_by, created_at, updated_at, deleted_at) VALUES (111, '2', '北京', 'ap-beijing', 'oxs_cos_region', '', '', '', '2', '', '0', '0', '2022-08-18 16:28:45.386', '2022-08-18 16:28:58.442', NULL);
INSERT INTO sys_dict_data (dict_code, dict_sort, dict_label, dict_value, dict_type, css_class, list_class, is_default, status, remark, create_by, update_by, created_at, updated_at, deleted_at) VALUES (112, '3', '南京', 'ap-nanjing', 'oxs_cos_region', '', '', '', '2', '', '0', '0', '2022-08-18 16:28:53.045', '2022-08-18 16:29:01.255', NULL);
INSERT INTO sys_dict_data (dict_code, dict_sort, dict_label, dict_value, dict_type, css_class, list_class, is_default, status, remark, create_by, update_by, created_at, updated_at, deleted_at) VALUES (113, '4', '上海', 'ap-shanghai', 'oxs_cos_region', '', '', '', '2', '', '0', '0', '2022-08-18 16:29:11.022', '2022-08-18 16:29:11.022', NULL);
INSERT INTO sys_dict_data (dict_code, dict_sort, dict_label, dict_value, dict_type, css_class, list_class, is_default, status, remark, create_by, update_by, created_at, updated_at, deleted_at) VALUES (114, '5', '广州', 'ap-guangzhou', 'oxs_cos_region', '', '', '', '2', '', '0', '0', '2022-08-18 16:29:21.643', '2022-08-18 16:29:21.643', NULL);
INSERT INTO sys_dict_data (dict_code, dict_sort, dict_label, dict_value, dict_type, css_class, list_class, is_default, status, remark, create_by, update_by, created_at, updated_at, deleted_at) VALUES (115, '6', '成都', 'ap-chengdu', 'oxs_cos_region', '', '', '', '2', '', '0', '0', '2022-08-18 16:29:32.438', '2022-08-18 16:29:32.438', NULL);
INSERT INTO sys_dict_data (dict_code, dict_sort, dict_label, dict_value, dict_type, css_class, list_class, is_default, status, remark, create_by, update_by, created_at, updated_at, deleted_at) VALUES (116, '7', '重庆', 'ap-chongqing', 'oxs_cos_region', '', '', '', '2', '', '0', '0', '2022-08-18 16:29:41.541', '2022-08-18 16:29:41.541', NULL);
INSERT INTO sys_dict_data (dict_code, dict_sort, dict_label, dict_value, dict_type, css_class, list_class, is_default, status, remark, create_by, update_by, created_at, updated_at, deleted_at) VALUES (117, '8', '深圳金融', 'ap-shenzhen-fsi', 'oxs_cos_region', '', '', '', '2', '', '0', '0', '2022-08-18 16:29:56.299', '2022-08-18 16:29:56.299', NULL);
INSERT INTO sys_dict_data (dict_code, dict_sort, dict_label, dict_value, dict_type, css_class, list_class, is_default, status, remark, create_by, update_by, created_at, updated_at, deleted_at) VALUES (118, '9', '上海金融', 'ap-shanghai-fsi', 'oxs_cos_region', '', '', '', '2', '', '0', '0', '2022-08-18 16:30:08.260', '2022-08-18 16:30:08.260', NULL);
INSERT INTO sys_dict_data (dict_code, dict_sort, dict_label, dict_value, dict_type, css_class, list_class, is_default, status, remark, create_by, update_by, created_at, updated_at, deleted_at) VALUES (119, '10', '北京金融', 'ap-beijing-fsi', 'oxs_cos_region', '', '', '', '2', '', '0', '0', '2022-08-18 16:30:18.789', '2022-08-18 16:30:18.789', NULL);
INSERT INTO sys_dict_data (dict_code, dict_sort, dict_label, dict_value, dict_type, css_class, list_class, is_default, status, remark, create_by, update_by, created_at, updated_at, deleted_at) VALUES (120, '11', '中国香港', 'ap-hongkong', 'oxs_cos_region', '', '', '', '2', '', '0', '0', '2022-08-18 16:30:30.967', '2022-08-18 16:30:30.967', NULL);
INSERT INTO sys_dict_data (dict_code, dict_sort, dict_label, dict_value, dict_type, css_class, list_class, is_default, status, remark, create_by, update_by, created_at, updated_at, deleted_at) VALUES (121, '12', '新加坡', 'ap-singapore', 'oxs_cos_region', '', '', '', '2', '', '0', '0', '2022-08-18 16:30:39.333', '2022-08-18 16:30:39.333', NULL);
INSERT INTO sys_dict_data (dict_code, dict_sort, dict_label, dict_value, dict_type, css_class, list_class, is_default, status, remark, create_by, update_by, created_at, updated_at, deleted_at) VALUES (122, '13', '孟买', 'ap-mumbai', 'oxs_cos_region', '', '', '', '2', '', '0', '0', '2022-08-18 16:30:47.887', '2022-08-18 16:30:47.887', NULL);
INSERT INTO sys_dict_data (dict_code, dict_sort, dict_label, dict_value, dict_type, css_class, list_class, is_default, status, remark, create_by, update_by, created_at, updated_at, deleted_at) VALUES (123, '14', '雅加达', 'ap-jakarta', 'oxs_cos_region', '', '', '', '2', '', '0', '0', '2022-08-18 16:30:56.111', '2022-08-18 16:30:56.111', NULL);
INSERT INTO sys_dict_data (dict_code, dict_sort, dict_label, dict_value, dict_type, css_class, list_class, is_default, status, remark, create_by, update_by, created_at, updated_at, deleted_at) VALUES (124, '15', '首尔', 'ap-seoul', 'oxs_cos_region', '', '', '', '2', '', '0', '0', '2022-08-18 16:31:06.225', '2022-08-18 16:31:06.225', NULL);
INSERT INTO sys_dict_data (dict_code, dict_sort, dict_label, dict_value, dict_type, css_class, list_class, is_default, status, remark, create_by, update_by, created_at, updated_at, deleted_at) VALUES (125, '16', '曼谷', 'ap-bangkok', 'oxs_cos_region', '', '', '', '2', '', '0', '0', '2022-08-18 16:31:16.868', '2022-08-18 16:31:16.868', NULL);
INSERT INTO sys_dict_data (dict_code, dict_sort, dict_label, dict_value, dict_type, css_class, list_class, is_default, status, remark, create_by, update_by, created_at, updated_at, deleted_at) VALUES (126, '17', '东京', 'ap-tokyo', 'oxs_cos_region', '', '', '', '2', '', '0', '0', '2022-08-18 16:31:25.262', '2022-08-18 16:31:25.262', NULL);
INSERT INTO sys_dict_data (dict_code, dict_sort, dict_label, dict_value, dict_type, css_class, list_class, is_default, status, remark, create_by, update_by, created_at, updated_at, deleted_at) VALUES (127, '18', '硅谷（美西）', 'na-siliconvalley', 'oxs_cos_region', '', '', '', '2', '', '0', '0', '2022-08-18 16:31:34.798', '2022-08-18 16:31:34.798', NULL);
INSERT INTO sys_dict_data (dict_code, dict_sort, dict_label, dict_value, dict_type, css_class, list_class, is_default, status, remark, create_by, update_by, created_at, updated_at, deleted_at) VALUES (129, '20', '弗吉尼亚（美东）', 'na-ashburn', 'oxs_cos_region', '', '', '', '2', '', '0', '0', '2022-08-18 16:32:04.502', '2022-08-18 16:32:04.502', NULL);
INSERT INTO sys_dict_data (dict_code, dict_sort, dict_label, dict_value, dict_type, css_class, list_class, is_default, status, remark, create_by, update_by, created_at, updated_at, deleted_at) VALUES (130, '21', '多伦多', 'na-toronto', 'oxs_cos_region', '', '', '', '2', '', '0', '0', '2022-08-18 16:32:13.823', '2022-08-18 16:32:13.823', NULL);
INSERT INTO sys_dict_data (dict_code, dict_sort, dict_label, dict_value, dict_type, css_class, list_class, is_default, status, remark, create_by, update_by, created_at, updated_at, deleted_at) VALUES (131, '22', '圣保罗', 'sa-saopaulo', 'oxs_cos_region', '', '', '', '2', '', '0', '0', '2022-08-18 16:32:22.541', '2022-08-18 16:32:22.541', NULL);
INSERT INTO sys_dict_data (dict_code, dict_sort, dict_label, dict_value, dict_type, css_class, list_class, is_default, status, remark, create_by, update_by, created_at, updated_at, deleted_at) VALUES (132, '23', '法兰克福', 'eu-frankfurt', 'oxs_cos_region', '', '', '', '2', '', '0', '0', '2022-08-18 16:32:31.418', '2022-08-18 16:32:31.418', NULL);
INSERT INTO sys_dict_data (dict_code, dict_sort, dict_label, dict_value, dict_type, css_class, list_class, is_default, status, remark, create_by, update_by, created_at, updated_at, deleted_at) VALUES (133, '24', '莫斯科', 'eu-moscow', 'oxs_cos_region', '', '', '', '2', '', '0', '0', '2022-08-18 16:32:39.333', '2022-08-18 16:32:39.333', NULL);
INSERT INTO sys_dict_data (dict_code, dict_sort, dict_label, dict_value, dict_type, css_class, list_class, is_default, status, remark, create_by, update_by, created_at, updated_at, deleted_at) VALUES (134, '1', '非洲-约翰内斯堡', 'obs.af-south-1.myhuaweicloud.com', 'oxs_obs_endpoint', '', '', '', '2', '', '0', '0', '2022-08-18 16:37:58.063', '2022-08-18 16:37:58.063', NULL);
INSERT INTO sys_dict_data (dict_code, dict_sort, dict_label, dict_value, dict_type, css_class, list_class, is_default, status, remark, create_by, update_by, created_at, updated_at, deleted_at) VALUES (135, '2', '华北-北京四', 'obs.cn-north-4.myhuaweicloud.com', 'oxs_obs_endpoint', '', '', '', '2', '', '0', '0', '2022-08-18 16:38:07.876', '2022-08-18 16:38:07.876', NULL);
INSERT INTO sys_dict_data (dict_code, dict_sort, dict_label, dict_value, dict_type, css_class, list_class, is_default, status, remark, create_by, update_by, created_at, updated_at, deleted_at) VALUES (136, '3', '华北-北京一', 'obs.cn-north-1.myhuaweicloud.com', 'oxs_obs_endpoint', '', '', '', '2', '', '0', '0', '2022-08-18 16:38:16.389', '2022-08-18 16:38:16.389', NULL);
INSERT INTO sys_dict_data (dict_code, dict_sort, dict_label, dict_value, dict_type, css_class, list_class, is_default, status, remark, create_by, update_by, created_at, updated_at, deleted_at) VALUES (137, '4', '华北-乌兰察布一', 'obs.cn-north-9.myhuaweicloud.com', 'oxs_obs_endpoint', '', '', '', '2', '', '0', '0', '2022-08-18 16:38:25.621', '2022-08-18 16:38:25.621', NULL);
INSERT INTO sys_dict_data (dict_code, dict_sort, dict_label, dict_value, dict_type, css_class, list_class, is_default, status, remark, create_by, update_by, created_at, updated_at, deleted_at) VALUES (138, '5', '华东-上海二', 'obs.cn-east-2.myhuaweicloud.com', 'oxs_obs_endpoint', '', '', '', '2', '', '0', '0', '2022-08-18 16:38:36.711', '2022-08-18 16:38:36.711', NULL);
INSERT INTO sys_dict_data (dict_code, dict_sort, dict_label, dict_value, dict_type, css_class, list_class, is_default, status, remark, create_by, update_by, created_at, updated_at, deleted_at) VALUES (139, '6', '华东-上海一', 'obs.cn-east-3.myhuaweicloud.com', 'oxs_obs_endpoint', '', '', '', '2', '', '0', '0', '2022-08-18 16:38:53.177', '2022-08-18 16:38:53.177', NULL);
INSERT INTO sys_dict_data (dict_code, dict_sort, dict_label, dict_value, dict_type, css_class, list_class, is_default, status, remark, create_by, update_by, created_at, updated_at, deleted_at) VALUES (140, '7', '华南-广州', 'obs.cn-south-1.myhuaweicloud.com', 'oxs_obs_endpoint', '', '', '', '2', '', '0', '0', '2022-08-18 16:39:01.997', '2022-08-18 16:39:01.997', NULL);
INSERT INTO sys_dict_data (dict_code, dict_sort, dict_label, dict_value, dict_type, css_class, list_class, is_default, status, remark, create_by, update_by, created_at, updated_at, deleted_at) VALUES (141, '8', '拉美-墨西哥城二', 'obs.la-north-2.myhuaweicloud.com', 'oxs_obs_endpoint', '', '', '', '2', '', '0', '0', '2022-08-18 16:39:10.842', '2022-08-18 16:39:10.842', NULL);
INSERT INTO sys_dict_data (dict_code, dict_sort, dict_label, dict_value, dict_type, css_class, list_class, is_default, status, remark, create_by, update_by, created_at, updated_at, deleted_at) VALUES (142, '9', '拉美-墨西哥城一', 'obs.na-mexico-1.myhuaweicloud.com', 'oxs_obs_endpoint', '', '', '', '2', '', '0', '0', '2022-08-18 16:39:19.269', '2022-08-18 16:39:19.269', NULL);
INSERT INTO sys_dict_data (dict_code, dict_sort, dict_label, dict_value, dict_type, css_class, list_class, is_default, status, remark, create_by, update_by, created_at, updated_at, deleted_at) VALUES (143, '10', '拉美-圣保罗一', 'obs.sa-brazil-1.myhuaweicloud.com', 'oxs_obs_endpoint', '', '', '', '2', '', '0', '0', '2022-08-18 16:39:30.165', '2022-08-18 16:39:30.165', NULL);
INSERT INTO sys_dict_data (dict_code, dict_sort, dict_label, dict_value, dict_type, css_class, list_class, is_default, status, remark, create_by, update_by, created_at, updated_at, deleted_at) VALUES (144, '11', '拉美-圣地亚哥', 'obs.la-south-2.myhuaweicloud.com', 'oxs_obs_endpoint', '', '', '', '2', '', '0', '0', '2022-08-18 16:39:39.221', '2022-08-18 16:39:39.221', NULL);
INSERT INTO sys_dict_data (dict_code, dict_sort, dict_label, dict_value, dict_type, css_class, list_class, is_default, status, remark, create_by, update_by, created_at, updated_at, deleted_at) VALUES (145, '12', '西南-贵阳一', 'obs.cn-southwest-2.myhuaweicloud.com', 'oxs_obs_endpoint', '', '', '', '2', '', '0', '0', '2022-08-18 16:39:50.915', '2022-08-18 16:39:50.915', NULL);
INSERT INTO sys_dict_data (dict_code, dict_sort, dict_label, dict_value, dict_type, css_class, list_class, is_default, status, remark, create_by, update_by, created_at, updated_at, deleted_at) VALUES (146, '13', '亚太-曼谷', 'obs.ap-southeast-2.myhuaweicloud.com', 'oxs_obs_endpoint', '', '', '', '2', '', '0', '0', '2022-08-18 16:39:58.446', '2022-08-18 16:39:58.446', NULL);
INSERT INTO sys_dict_data (dict_code, dict_sort, dict_label, dict_value, dict_type, css_class, list_class, is_default, status, remark, create_by, update_by, created_at, updated_at, deleted_at) VALUES (147, '14', '亚太-新加坡', 'obs.ap-southeast-3.myhuaweicloud.com', 'oxs_obs_endpoint', '', '', '', '2', '', '0', '0', '2022-08-18 16:40:08.059', '2022-08-18 16:40:08.059', NULL);
INSERT INTO sys_dict_data (dict_code, dict_sort, dict_label, dict_value, dict_type, css_class, list_class, is_default, status, remark, create_by, update_by, created_at, updated_at, deleted_at) VALUES (148, '15', '中国-香港', 'obs.ap-southeast-1.myhuaweicloud.com', 'oxs_obs_endpoint', '', '', '', '2', '', '0', '0', '2022-08-18 16:40:16.755', '2022-08-18 16:40:16.755', NULL);
INSERT INTO sys_dict_data (dict_code, dict_sort, dict_label, dict_value, dict_type, css_class, list_class, is_default, status, remark, create_by, update_by, created_at, updated_at, deleted_at) VALUES (149, '1', '华东-浙江', 'z0', 'oxs_kodo_region', '', '', '', '2', '', '0', '0', '2022-08-18 16:50:33.777', '2022-08-18 16:50:33.777', NULL);
INSERT INTO sys_dict_data (dict_code, dict_sort, dict_label, dict_value, dict_type, css_class, list_class, is_default, status, remark, create_by, update_by, created_at, updated_at, deleted_at) VALUES (150, '2', '华东-浙江2', 'cn-east-2', 'oxs_kodo_region', '', '', '', '2', '', '0', '0', '2022-08-18 16:50:43.419', '2022-08-18 16:50:43.419', NULL);
INSERT INTO sys_dict_data (dict_code, dict_sort, dict_label, dict_value, dict_type, css_class, list_class, is_default, status, remark, create_by, update_by, created_at, updated_at, deleted_at) VALUES (151, '3', '华北-河北', 'z1', 'oxs_kodo_region', '', '', '', '2', '', '0', '0', '2022-08-18 16:50:54.266', '2022-08-18 16:50:54.266', NULL);
INSERT INTO sys_dict_data (dict_code, dict_sort, dict_label, dict_value, dict_type, css_class, list_class, is_default, status, remark, create_by, update_by, created_at, updated_at, deleted_at) VALUES (152, '4', '华南-广东', 'z2', 'oxs_kodo_region', '', '', '', '2', '', '0', '0', '2022-08-18 16:51:07.786', '2022-08-18 16:51:07.786', NULL);
INSERT INTO sys_dict_data (dict_code, dict_sort, dict_label, dict_value, dict_type, css_class, list_class, is_default, status, remark, create_by, update_by, created_at, updated_at, deleted_at) VALUES (153, '5', '北美-洛杉矶', 'na0', 'oxs_kodo_region', '', '', '', '2', '', '0', '0', '2022-08-18 16:51:17.416', '2022-08-18 16:51:23.658', NULL);
INSERT INTO sys_dict_data (dict_code, dict_sort, dict_label, dict_value, dict_type, css_class, list_class, is_default, status, remark, create_by, update_by, created_at, updated_at, deleted_at) VALUES (154, '6', '亚太-新加坡（原东南亚）', 'as0', 'oxs_kodo_region', '', '', '', '2', '', '0', '0', '2022-08-18 16:51:48.907', '2022-08-18 16:51:48.907', NULL);
INSERT INTO sys_dict_data (dict_code, dict_sort, dict_label, dict_value, dict_type, css_class, list_class, is_default, status, remark, create_by, update_by, created_at, updated_at, deleted_at) VALUES (155, '7', '亚太-首尔', 'ap-northeast-1', 'oxs_kodo_region', '', '', '', '2', '', '0', '0', '2022-08-18 16:51:59.787', '2022-08-18 16:51:59.787', NULL);

INSERT INTO sys_job VALUES (1, '接口测试', 'DEFAULT', '1', '0/5 * * * * ', 'http://localhost:8000', '', '1', '1', '1', '0', '2021-05-13 19:56:37.914', '2021-06-14 20:59:55.417', NULL, '1', 1);
INSERT INTO sys_job VALUES (2, '函数测试', 'DEFAULT', '2', '0/5 * * * * ', 'ExamplesOne', '参数', '1', '1', '1', '0', '2021-05-13 19:56:37.914', '2021-05-31 23:55:37.221', NULL, '1', 1);

INSERT INTO sys_post VALUES (1, '首席执行官', 'CEO', '0', '2','首席执行官', '1', '1', '2021-05-13 19:56:37.913', '2021-05-13 19:56:37.913', NULL);
INSERT INTO sys_post VALUES (2, '首席技术执行官', 'CTO', '2', '2','首席技术执行官', '1', '1','2021-05-13 19:56:37.913', '2021-05-13 19:56:37.913', NULL);
INSERT INTO sys_post VALUES (3, '首席运营官', 'COO', 3, '2','测试工程师', '1', '1','2021-05-13 19:56:37.913', '2021-05-13 19:56:37.913', NULL);

INSERT INTO sys_menu (menu_id, menu_name, title, icon, path, paths, menu_type, permission, parent_id, no_cache, breadcrumb, component, sort, visible, is_frame, create_by, update_by, created_at, updated_at, deleted_at) VALUES (1, '系统管理', 'admin', 'appstore', '/admin', '/0/1', 'M', '', '0', '0', '', '', 20, '0', '1', '0', '1', '2021-08-13 21:58:45.679', '2022-08-20 16:57:46.979', null);
INSERT INTO sys_menu (menu_id, menu_name, title, icon, path, paths, menu_type, permission, parent_id, no_cache, breadcrumb, component, sort, visible, is_frame, create_by, update_by, created_at, updated_at, deleted_at) VALUES (2, '用户管理', 'user-manage', 'user', '/admin/user-manage', '/0/1/2', 'C', 'can_SysUser_GetPage', '1', '0', '', '/admin/sys_user/index', 10, '0', '2', '1', '1', '2021-08-13 12:41:51', '2022-08-20 21:49:31.708', null);
INSERT INTO sys_menu (menu_id, menu_name, title, icon, path, paths, menu_type, permission, parent_id, no_cache, breadcrumb, component, sort, visible, is_frame, create_by, update_by, created_at, updated_at, deleted_at) VALUES (3, '菜单管理', 'menu-manage', 'menu', '/admin/menu-manage', '/0/1/3', 'C', 'canMenuListGetPage', '1', '0', '', '/admin/sys_menu/index', 20, '0', '2', '1', '1', '2021-08-13 12:47:35', '2022-08-20 21:10:32.585', null);
INSERT INTO sys_menu (menu_id, menu_name, title, icon, path, paths, menu_type, permission, parent_id, no_cache, breadcrumb, component, sort, visible, is_frame, create_by, update_by, created_at, updated_at, deleted_at) VALUES (4, '角色管理', 'role-manage', 'team', '/admin/role-manage', '/0/1/4', 'C', 'canRoleListGetPage', '1', '0', '', '/admin/sys_role/index', 30, '0', '2', '1', '1', '2021-08-13 12:49:21.119', '2022-08-20 21:11:56.701', null);
INSERT INTO sys_menu (menu_id, menu_name, title, icon, path, paths, menu_type, permission, parent_id, no_cache, breadcrumb, component, sort, visible, is_frame, create_by, update_by, created_at, updated_at, deleted_at) VALUES (5, '部门管理', 'dept-manage', 'cluster', '/admin/dept-manage', '/0/1/5', 'C', 'canDeptListGetPage', '1', '0', '', '/admin/sys_dept/index', 40, '0', '2', '1', '1', '2021-08-13 12:51:00.253', '2022-08-20 21:12:17.001', null);
INSERT INTO sys_menu (menu_id, menu_name, title, icon, path, paths, menu_type, permission, parent_id, no_cache, breadcrumb, component, sort, visible, is_frame, create_by, update_by, created_at, updated_at, deleted_at) VALUES (6, '岗位管理', 'post-manage', 'idcard', '/admin/post-manage', '/0/1/6', 'C', 'canPostListGetPage', '1', '0', '', '/admin/sys_post/index', 50, '0', '2', '1', '1', '2021-08-13 12:51:42.303', '2022-08-20 21:12:35.680', null);
INSERT INTO sys_menu (menu_id, menu_name, title, icon, path, paths, menu_type, permission, parent_id, no_cache, breadcrumb, component, sort, visible, is_frame, create_by, update_by, created_at, updated_at, deleted_at) VALUES (7, 'dashboard', 'dashboard', 'dashboard', '/dashboard', '/0/7', 'M', 'canDashboard', '0', '0', '', '', 10, '0', '2', '1', '1', '2021-08-13 23:18:48.974', '2022-08-20 16:58:35.276', null);
INSERT INTO sys_menu (menu_id, menu_name, title, icon, path, paths, menu_type, permission, parent_id, no_cache, breadcrumb, component, sort, visible, is_frame, create_by, update_by, created_at, updated_at, deleted_at) VALUES (8, '工作台', 'workplace', 'desktop', '/dashboard/workplace', '/0/7/8', 'C', 'canDashboardWorkplace', 7, '0', '', '/dashboard/workplace/index', '1', '0', '2', '1', '1', '2021-08-13 23:20:44.179', '2022-08-20 16:58:36.478', null);
INSERT INTO sys_menu (menu_id, menu_name, title, icon, path, paths, menu_type, permission, parent_id, no_cache, breadcrumb, component, sort, visible, is_frame, create_by, update_by, created_at, updated_at, deleted_at) VALUES (9, '分析页', 'analysis', 'area-chart', '/dashboard/analysis', '/0/7/9', 'C', 'canDashboardAnalysis', 7, '0', '', '/dashboard/analysis', '2', '0', '2', '1', '1', '2021-08-13 23:22:17.312', '2022-08-20 16:58:36.483', null);
INSERT INTO sys_menu (menu_id, menu_name, title, icon, path, paths, menu_type, permission, parent_id, no_cache, breadcrumb, component, sort, visible, is_frame, create_by, update_by, created_at, updated_at, deleted_at) VALUES (10, '新建', 'New', 'form', '', '/0/1/2/10', 'F', 'can_SysUser_Insert', '2', '0', '', '', 20, '0', '', '1', '1', '2021-08-23 10:53:37.742', '2022-08-20 21:49:31.725', null);
INSERT INTO sys_menu (menu_id, menu_name, title, icon, path, paths, menu_type, permission, parent_id, no_cache, breadcrumb, component, sort, visible, is_frame, create_by, update_by, created_at, updated_at, deleted_at) VALUES (11, '编辑', 'Edit', 'edit', '', '/0/1/2/11', 'F', 'can_SysUser_Update', '2', '0', '', '', 30, '0', '', '1', '1', '2021-08-23 10:54:20.958', '2022-08-20 21:49:31.732', null);
INSERT INTO sys_menu (menu_id, menu_name, title, icon, path, paths, menu_type, permission, parent_id, no_cache, breadcrumb, component, sort, visible, is_frame, create_by, update_by, created_at, updated_at, deleted_at) VALUES (12, '删除', 'Delete', 'delete', '', '/0/1/2/12', 'F', 'can_SysUser_Delete', '2', '0', '', '', 40, '0', '', '1', '1', '2021-08-23 10:55:02.996', '2022-08-20 21:49:31.739', null);
INSERT INTO sys_menu (menu_id, menu_name, title, icon, path, paths, menu_type, permission, parent_id, no_cache, breadcrumb, component, sort, visible, is_frame, create_by, update_by, created_at, updated_at, deleted_at) VALUES (13, '新建', 'New', 'form', '', '/0/1/3/13', 'F', 'can_SysMenu_Insert', 3, '0', '', '', 20, '0', '', '1', '1', '2021-09-02 21:45:38.506', '2022-08-20 21:10:43.816', null);
INSERT INTO sys_menu (menu_id, menu_name, title, icon, path, paths, menu_type, permission, parent_id, no_cache, breadcrumb, component, sort, visible, is_frame, create_by, update_by, created_at, updated_at, deleted_at) VALUES (14, '编辑', 'Edit', 'edit', '', '/0/1/3/14', 'F', 'can_SysMenu_Update', 3, '0', '', '', 30, '0', '', '1', '1', '2021-09-02 21:46:39.586', '2022-08-20 21:10:48.127', null);
INSERT INTO sys_menu (menu_id, menu_name, title, icon, path, paths, menu_type, permission, parent_id, no_cache, breadcrumb, component, sort, visible, is_frame, create_by, update_by, created_at, updated_at, deleted_at) VALUES (15, '删除', 'Delete', 'delete', '', '/0/1/3/15', 'F', 'can_SysMenu_Delete', 3, '0', '', '', 40, '0', '', '1', '1', '2021-09-02 22:04:47.715', '2022-08-20 21:10:52.115', null);
INSERT INTO sys_menu (menu_id, menu_name, title, icon, path, paths, menu_type, permission, parent_id, no_cache, breadcrumb, component, sort, visible, is_frame, create_by, update_by, created_at, updated_at, deleted_at) VALUES (16, '新建', 'New', 'form', '', '/0/1/4/16', 'F', 'can_SysRole_Insert', 4, '0', '', '', 20, '0', '', '1', '1', '2021-09-02 22:05:56.194', '2022-08-20 21:49:27.120', null);
INSERT INTO sys_menu (menu_id, menu_name, title, icon, path, paths, menu_type, permission, parent_id, no_cache, breadcrumb, component, sort, visible, is_frame, create_by, update_by, created_at, updated_at, deleted_at) VALUES (17, '新建', 'New', 'form', '', '/0/1/6/17', 'F', 'can_SysPost_Insert', 6, '0', '', '', 20, '0', '', '1', '1', '2021-09-02 22:06:31.927', '2022-08-20 21:12:44.348', null);
INSERT INTO sys_menu (menu_id, menu_name, title, icon, path, paths, menu_type, permission, parent_id, no_cache, breadcrumb, component, sort, visible, is_frame, create_by, update_by, created_at, updated_at, deleted_at) VALUES (18, '新建', 'New', 'form', '', '/0/1/5/18', 'F', 'can_SysDept_Insert', 5, '0', '', '', 20, '0', '', '1', '1', '2021-09-02 22:07:00.643', '2022-08-20 21:12:25.436', null);
INSERT INTO sys_menu (menu_id, menu_name, title, icon, path, paths, menu_type, permission, parent_id, no_cache, breadcrumb, component, sort, visible, is_frame, create_by, update_by, created_at, updated_at, deleted_at) VALUES (19, '编辑', 'Edit', 'edit', '', '/0/1/4/19', 'F', 'can_SysRole_Update', 4, '0', '', '', 30, '0', '', '1', '1', '2021-09-02 22:07:31.408', '2022-08-20 21:12:06.444', null);
INSERT INTO sys_menu (menu_id, menu_name, title, icon, path, paths, menu_type, permission, parent_id, no_cache, breadcrumb, component, sort, visible, is_frame, create_by, update_by, created_at, updated_at, deleted_at) VALUES (20, '删除', 'Delete', 'delete', '', '/0/1/4/20', 'F', 'can_SysRole_Delete', 4, '0', '', '', 40, '0', '', '1', '1', '2021-09-02 22:08:15.077', '2022-08-20 21:12:12.162', null);
INSERT INTO sys_menu (menu_id, menu_name, title, icon, path, paths, menu_type, permission, parent_id, no_cache, breadcrumb, component, sort, visible, is_frame, create_by, update_by, created_at, updated_at, deleted_at) VALUES (21, '搜索', 'Search', '', '', '/0/1/2/21', 'F', 'can_SysUser_GetPage', '2', '0', '', '', 10, '0', '', '1', '1', '2021-12-16 06:09:10.950', '2022-08-20 21:49:31.744', null);
INSERT INTO sys_menu (menu_id, menu_name, title, icon, path, paths, menu_type, permission, parent_id, no_cache, breadcrumb, component, sort, visible, is_frame, create_by, update_by, created_at, updated_at, deleted_at) VALUES (22, '搜索', 'Search', '0', '', '/0/1/3/22', 'F', 'can_SysMenu_GetPage', 3, '0', '', '', 10, '0', '', '1', '1', '2021-12-16 06:10:10.977', '2022-08-20 21:10:38.766', null);
INSERT INTO sys_menu (menu_id, menu_name, title, icon, path, paths, menu_type, permission, parent_id, no_cache, breadcrumb, component, sort, visible, is_frame, create_by, update_by, created_at, updated_at, deleted_at) VALUES (23, '搜索', 'Search', '', '', '/0/1/4/23', 'F', 'can_SysRole_GetPage', 4, '0', '', '', 10, '0', '', '1', '1', '2021-12-16 06:10:33.413', '2022-08-20 21:12:00.625', null);
INSERT INTO sys_menu (menu_id, menu_name, title, icon, path, paths, menu_type, permission, parent_id, no_cache, breadcrumb, component, sort, visible, is_frame, create_by, update_by, created_at, updated_at, deleted_at) VALUES (24, '搜索', 'Search', '', '', '/0/1/5/24', 'F', 'can_SysDept_GetPage', 5, '0', '', '', 10, '0', '', '1', '1', '2021-12-16 06:10:58.844', '2022-08-20 21:12:22.354', null);
INSERT INTO sys_menu (menu_id, menu_name, title, icon, path, paths, menu_type, permission, parent_id, no_cache, breadcrumb, component, sort, visible, is_frame, create_by, update_by, created_at, updated_at, deleted_at) VALUES (25, '编辑', 'Edit', '', '', '/0/1/5/25', 'F', 'can_SysDept_Update', 5, '0', '', '', 30, '0', '', '1', '1', '2021-12-16 06:11:24.470', '2022-08-20 21:12:28.379', null);
INSERT INTO sys_menu (menu_id, menu_name, title, icon, path, paths, menu_type, permission, parent_id, no_cache, breadcrumb, component, sort, visible, is_frame, create_by, update_by, created_at, updated_at, deleted_at) VALUES (26, '删除', 'Delete', '', '', '/0/1/5/26', 'F', 'can_SysDept_Delete', 5, '0', '', '', 40, '0', '', '1', '1', '2021-12-16 06:11:50.188', '2022-08-20 21:12:30.921', null);
INSERT INTO sys_menu (menu_id, menu_name, title, icon, path, paths, menu_type, permission, parent_id, no_cache, breadcrumb, component, sort, visible, is_frame, create_by, update_by, created_at, updated_at, deleted_at) VALUES (27, '搜索', 'Search', '', '', '/0/1/6/27', 'F', 'can_SysPost_GetPage', 6, '0', '', '', 10, '0', '', '1', '1', '2021-12-16 06:12:09.537', '2022-08-20 21:12:40.863', null);
INSERT INTO sys_menu (menu_id, menu_name, title, icon, path, paths, menu_type, permission, parent_id, no_cache, breadcrumb, component, sort, visible, is_frame, create_by, update_by, created_at, updated_at, deleted_at) VALUES (28, '编辑', 'Edit', '2', '', '/0/1/6/28', 'F', 'can_SysPost_Update', 6, '0', '', '', 30, '0', '', '1', '1', '2021-12-16 06:12:30.986', '2022-08-20 21:12:47.263', null);
INSERT INTO sys_menu (menu_id, menu_name, title, icon, path, paths, menu_type, permission, parent_id, no_cache, breadcrumb, component, sort, visible, is_frame, create_by, update_by, created_at, updated_at, deleted_at) VALUES (29, '删除', 'Delete', '', '', '/0/1/6/29', 'F', 'can_SysPost_Delete', 6, '0', '', '', 40, '0', '', '1', '1', '2021-12-16 06:12:49.419', '2022-08-20 21:12:50.295', null);
INSERT INTO sys_menu (menu_id, menu_name, title, icon, path, paths, menu_type, permission, parent_id, no_cache, breadcrumb, component, sort, visible, is_frame, create_by, update_by, created_at, updated_at, deleted_at) VALUES (30, '重置', 'Reset', '', '', '/0/1/2/30', 'F', 'can_SysUser_ResetPwd', '2', '0', '', '', 50, '0', '', '1', '1', '2021-12-17 06:13:27.275', '2022-08-20 21:49:31.756', null);
INSERT INTO sys_menu (menu_id, menu_name, title, icon, path, paths, menu_type, permission, parent_id, no_cache, breadcrumb, component, sort, visible, is_frame, create_by, update_by, created_at, updated_at, deleted_at) VALUES (31, '我的任务', 'todo', 'wallet', '/todo/mylist', '/0/31', 'C', 'canTodoList', '0', '0', '', '', 30, '0', '2', '1', '1', '2022-05-02 14:01:23.858', '2022-08-20 21:16:22.065', null);
INSERT INTO sys_menu (menu_id, menu_name, title, icon, path, paths, menu_type, permission, parent_id, no_cache, breadcrumb, component, sort, visible, is_frame, create_by, update_by, created_at, updated_at, deleted_at) VALUES (32, '查看', 'View', 'profile', '', '/0/1/2/32', 'F', 'can_SysUser_Get', '2', '0', '', '', 999, '0', '', '1', '1', '2022-05-18 12:14:30.884', '2022-08-20 21:49:31.763', null);
INSERT INTO sys_menu (menu_id, menu_name, title, icon, path, paths, menu_type, permission, parent_id, no_cache, breadcrumb, component, sort, visible, is_frame, create_by, update_by, created_at, updated_at, deleted_at) VALUES (33, '接口管理', 'api-manage', 'bug', '/admin/api-manage', '/0/1/33', 'C', '', '1', '0', '', '/admin/sys_api/index', 999, '0', '0', '1', '1', '2022-05-18 14:48:53.322', '2022-08-20 21:16:06.326', null);
INSERT INTO sys_menu (menu_id, menu_name, title, icon, path, paths, menu_type, permission, parent_id, no_cache, breadcrumb, component, sort, visible, is_frame, create_by, update_by, created_at, updated_at, deleted_at) VALUES (34, '搜索', 'Search', '', '', '/0/1/33/34', 'F', 'can_SysApi_GetPage', 33, '0', '', '', 10, '0', '', '1', '1', '2022-05-18 15:14:29.876', '2022-08-20 21:16:10.046', null);
INSERT INTO sys_menu (menu_id, menu_name, title, icon, path, paths, menu_type, permission, parent_id, no_cache, breadcrumb, component, sort, visible, is_frame, create_by, update_by, created_at, updated_at, deleted_at) VALUES (35, '编辑', 'Edit', '', '', '/0/1/33/35', 'F', 'can_SysApi_Update', 33, '0', '', '', 20, '0', '', '1', '1', '2022-05-18 15:15:11.593', '2022-08-20 21:16:06.346', null);
INSERT INTO sys_menu (menu_id, menu_name, title, icon, path, paths, menu_type, permission, parent_id, no_cache, breadcrumb, component, sort, visible, is_frame, create_by, update_by, created_at, updated_at, deleted_at) VALUES (36, '删除', 'Delete', '', '', '/0/1/33/36', 'F', 'can_SysApi_Delete', 33, '0', '', '', 30, '0', '', '1', '1', '2022-05-18 15:15:43.672', '2022-08-20 21:16:13.979', null);
INSERT INTO sys_menu (menu_id, menu_name, title, icon, path, paths, menu_type, permission, parent_id, no_cache, breadcrumb, component, sort, visible, is_frame, create_by, update_by, created_at, updated_at, deleted_at) VALUES (37, '日志管理', 'log-manage', 'exception', '/admin/log-manage', '/0/1/37', 'M', '', '1', '0', '', '', 999, '0', '0', '1', '1', '2022-05-18 15:19:55.309', '2022-08-20 21:15:51.537', null);
INSERT INTO sys_menu (menu_id, menu_name, title, icon, path, paths, menu_type, permission, parent_id, no_cache, breadcrumb, component, sort, visible, is_frame, create_by, update_by, created_at, updated_at, deleted_at) VALUES (38, '请求日志', 'requestlog', 'desktop', '/admin/log-manage/requestlog', '/0/1/37/38', 'C', '', 37, '0', '', '/admin/sys_logs/request-log/index', 999, '0', '0', '1', '1', '2022-05-18 15:21:25.881', '2022-08-20 21:16:01.678', null);
INSERT INTO sys_menu (menu_id, menu_name, title, icon, path, paths, menu_type, permission, parent_id, no_cache, breadcrumb, component, sort, visible, is_frame, create_by, update_by, created_at, updated_at, deleted_at) VALUES (39, '操作日志', 'operatelog', 'bug', '/admin/log-manage/operatelog', '/0/1/37/39', 'C', '', 37, '0', '', '/admin/sys_logs/oper-log/index', 999, '0', '0', '1', '1', '2022-05-18 15:23:10.971', '2022-08-20 21:15:58.495', null);
INSERT INTO sys_menu (menu_id, menu_name, title, icon, path, paths, menu_type, permission, parent_id, no_cache, breadcrumb, component, sort, visible, is_frame, create_by, update_by, created_at, updated_at, deleted_at) VALUES (40, '搜索', 'Search', '', '', '/0/31/40', 'F', 'can_TbTodo_GetPage', 31, '0', '', '', 10, '0', '', '1', '1', '2022-05-18 15:37:32.315', '2022-08-20 21:16:42.366', null);
INSERT INTO sys_menu (menu_id, menu_name, title, icon, path, paths, menu_type, permission, parent_id, no_cache, breadcrumb, component, sort, visible, is_frame, create_by, update_by, created_at, updated_at, deleted_at) VALUES (41, '编辑', 'Edit', '', '', '/0/31/41', 'F', 'can_TbTodo_Update', 31, '0', '', '', 999, '0', '', '1', '1', '2022-05-18 15:38:15.767', '2022-08-20 21:16:34.411', null);
INSERT INTO sys_menu (menu_id, menu_name, title, icon, path, paths, menu_type, permission, parent_id, no_cache, breadcrumb, component, sort, visible, is_frame, create_by, update_by, created_at, updated_at, deleted_at) VALUES (42, '删除', 'Delete', '', '', '/0/31/42', 'F', 'can_TbTodo_Delete', 31, '0', '', '', 999, '0', '', '1', '1', '2022-05-18 15:38:41.282', '2022-08-20 21:16:31.073', null);
INSERT INTO sys_menu (menu_id, menu_name, title, icon, path, paths, menu_type, permission, parent_id, no_cache, breadcrumb, component, sort, visible, is_frame, create_by, update_by, created_at, updated_at, deleted_at) VALUES (43, '新建', 'New', '', '', '/0/31/43', 'F', 'can_TbTodo_Insert', 31, '0', '', '', 999, '0', '', '1', '1', '2022-05-18 15:39:43.317', '2022-08-20 21:16:28.068', null);
-- INSERT INTO sys_menu (menu_id, menu_name, title, icon, path, paths, menu_type, permission, parent_id, no_cache, breadcrumb, component, sort, visible, is_frame, create_by, update_by, created_at, updated_at, deleted_at) VALUES (44, '工单管理', 'workorder', 'highlight', '/workorder', '/0/44', 'M', '', '0', '0', '', '', 50, '0', '0', '1', '1', '2022-05-18 15:42:04.935', '2022-08-20 21:16:57.983', '2022-08-20 21:16:57.983');
-- INSERT INTO sys_menu (menu_id, menu_name, title, icon, path, paths, menu_type, permission, parent_id, no_cache, breadcrumb, component, sort, visible, is_frame, create_by, update_by, created_at, updated_at, deleted_at) VALUES (45, '工单详情', 'info', 'file-add', '/workorder/info', '/0/44/45', 'C', '', 44, '0', '', '', 10, '1', '0', '1', '1', '2022-05-18 15:44:26.688', '2022-08-20 21:17:03.649', null);
-- INSERT INTO sys_menu (menu_id, menu_name, title, icon, path, paths, menu_type, permission, parent_id, no_cache, breadcrumb, component, sort, visible, is_frame, create_by, update_by, created_at, updated_at, deleted_at) VALUES (46, '工单申请', 'list', 'bars', '/workorder/list', '/0/44/46', 'C', '', 44, '0', '', '', 20, '0', '0', '1', '1', '2022-05-18 15:45:49.630', '2022-08-20 21:17:08.087', null);
-- INSERT INTO sys_menu (menu_id, menu_name, title, icon, path, paths, menu_type, permission, parent_id, no_cache, breadcrumb, component, sort, visible, is_frame, create_by, update_by, created_at, updated_at, deleted_at) VALUES (48, '我的待办', 'upcoming', 'heat-map', '/workorder/upcoming', '/0/44/48', 'C', '', 44, '0', '', '', 40, '0', '0', '1', '1', '2022-05-18 15:47:36.754', '2022-08-20 21:17:14.990', null);
-- INSERT INTO sys_menu (menu_id, menu_name, title, icon, path, paths, menu_type, permission, parent_id, no_cache, breadcrumb, component, sort, visible, is_frame, create_by, update_by, created_at, updated_at, deleted_at) VALUES (49, '我的工单', 'my', 'solution', '/workorder/my', '/0/44/49', 'C', '', 44, '0', '', '', 50, '0', '0', '1', '1', '2022-05-18 15:48:07.806', '2022-08-20 21:17:20.729', null);
-- INSERT INTO sys_menu (menu_id, menu_name, title, icon, path, paths, menu_type, permission, parent_id, no_cache, breadcrumb, component, sort, visible, is_frame, create_by, update_by, created_at, updated_at, deleted_at) VALUES (50, '相关工单', 'related', 'layout', '/workorder/related', '/0/44/50', 'C', '', 44, '0', '', '', 60, '0', '0', '1', '1', '2022-05-18 15:48:59.096', '2022-08-20 21:17:24.121', null);
-- INSERT INTO sys_menu (menu_id, menu_name, title, icon, path, paths, menu_type, permission, parent_id, no_cache, breadcrumb, component, sort, visible, is_frame, create_by, update_by, created_at, updated_at, deleted_at) VALUES (51, '所有工单', 'all', 'database', '/workorder/all', '/0/44/51', 'C', '', 44, '0', '', '', 70, '0', '0', '1', '1', '2022-05-18 15:49:40.122', '2022-08-20 21:17:27.668', null);
-- INSERT INTO sys_menu (menu_id, menu_name, title, icon, path, paths, menu_type, permission, parent_id, no_cache, breadcrumb, component, sort, visible, is_frame, create_by, update_by, created_at, updated_at, deleted_at) VALUES (52, '审批管理', 'manage', 'crown', '/workorder/manage', '/0/44/52', 'M', '', 44, '0', '', '', 80, '0', '0', '1', '1', '2022-05-18 15:50:33.105', '2022-08-20 21:17:31.547', null);
-- INSERT INTO sys_menu (menu_id, menu_name, title, icon, path, paths, menu_type, permission, parent_id, no_cache, breadcrumb, component, sort, visible, is_frame, create_by, update_by, created_at, updated_at, deleted_at) VALUES (53, '流程管理', 'workflow', 'cluster', '/workorder/manage/workflow', '/0/44/52/53', 'C', '', 52, '0', '', '', 10, '0', '0', '1', '1', '2022-05-18 15:52:13.511', '2022-08-20 21:17:36.800', null);
INSERT INTO sys_menu (menu_id, menu_name, title, icon, path, paths, menu_type, permission, parent_id, no_cache, breadcrumb, component, sort, visible, is_frame, create_by, update_by, created_at, updated_at, deleted_at) VALUES (54, '异常日志', 'abnormallog', 'bug', '/admin/log-manage/abnormallog', '/0/1/37/54', 'C', '', 37, '0', '', '/admin/sys_logs/abnormal-log/index', 999, '0', '0', '1', '1', '2022-06-16 14:33:47.520', '2022-08-20 21:15:55.378', null);
INSERT INTO sys_menu (menu_id, menu_name, title, icon, path, paths, menu_type, permission, parent_id, no_cache, breadcrumb, component, sort, visible, is_frame, create_by, update_by, created_at, updated_at, deleted_at) VALUES (58, '定时任务', 'jobs', 'file-sync', '/jobs', '/0/58', 'M', '', '0', '0', '', '', 40, '0', '0', '1', '1', '2022-06-19 08:22:23.492', '2022-08-20 21:16:48.601', null);
INSERT INTO sys_menu (menu_id, menu_name, title, icon, path, paths, menu_type, permission, parent_id, no_cache, breadcrumb, component, sort, visible, is_frame, create_by, update_by, created_at, updated_at, deleted_at) VALUES (59, '任务管理', 'jobs-manage', 'file-sync', '/jobs/jobs-manage', '/0/58/59', 'C', '', 58, '0', '', '', 999, '0', '0', '1', '1', '2022-06-19 08:23:51.320', '2022-08-20 21:16:53.840', null);
INSERT INTO sys_menu (menu_id, menu_name, title, icon, path, paths, menu_type, permission, parent_id, no_cache, breadcrumb, component, sort, visible, is_frame, create_by, update_by, created_at, updated_at, deleted_at) VALUES (65, '字典管理', 'dict-manage', 'profile', '/admin/dict-manage', '/0/1/65', 'C', '', '1', '0', '', '/admin/sys_dict/index', 999, '0', '0', '1', '1', '2022-08-18 21:15:58.433', '2022-08-20 21:16:17.841', null);
INSERT INTO sys_menu (menu_id, menu_name, title, icon, path, paths, menu_type, permission, parent_id, no_cache, breadcrumb, component, sort, visible, is_frame, create_by, update_by, created_at, updated_at, deleted_at) VALUES (66, '参数配置', 'config-settings', 'setting', '/admin/config-settings', '/0/1/66', 'C', '', '1', '0', '', '/admin/sys_config/settings/index', 60, '0', '0', '1', '1', '2022-08-19 18:19:17.838', '2022-08-20 21:12:53.197', null);

INSERT INTO sys_menu_api_rule (sys_menu_menu_id, sys_api_id) VALUES (24, 27);
INSERT INTO sys_menu_api_rule (sys_menu_menu_id, sys_api_id) VALUES (25, 28);
INSERT INTO sys_menu_api_rule (sys_menu_menu_id, sys_api_id) VALUES (22, 39);
INSERT INTO sys_menu_api_rule (sys_menu_menu_id, sys_api_id) VALUES (14, 41);
INSERT INTO sys_menu_api_rule (sys_menu_menu_id, sys_api_id) VALUES (23, 44);
INSERT INTO sys_menu_api_rule (sys_menu_menu_id, sys_api_id) VALUES (19, 47);
INSERT INTO sys_menu_api_rule (sys_menu_menu_id, sys_api_id) VALUES (18, 82);
INSERT INTO sys_menu_api_rule (sys_menu_menu_id, sys_api_id) VALUES (13, 88);
INSERT INTO sys_menu_api_rule (sys_menu_menu_id, sys_api_id) VALUES (16, 90);
INSERT INTO sys_menu_api_rule (sys_menu_menu_id, sys_api_id) VALUES (35, 92);
INSERT INTO sys_menu_api_rule (sys_menu_menu_id, sys_api_id) VALUES (25, 103);
INSERT INTO sys_menu_api_rule (sys_menu_menu_id, sys_api_id) VALUES (19, 106);
INSERT INTO sys_menu_api_rule (sys_menu_menu_id, sys_api_id) VALUES (14, 109);
INSERT INTO sys_menu_api_rule (sys_menu_menu_id, sys_api_id) VALUES (15, 126);
INSERT INTO sys_menu_api_rule (sys_menu_menu_id, sys_api_id) VALUES (34, 135);
INSERT INTO sys_menu_api_rule (sys_menu_menu_id, sys_api_id) VALUES (35, 136);
INSERT INTO sys_menu_api_rule (sys_menu_menu_id, sys_api_id) VALUES (21, 141);
INSERT INTO sys_menu_api_rule (sys_menu_menu_id, sys_api_id) VALUES (11, 142);
INSERT INTO sys_menu_api_rule (sys_menu_menu_id, sys_api_id) VALUES (32, 142);
INSERT INTO sys_menu_api_rule (sys_menu_menu_id, sys_api_id) VALUES (10, 150);
INSERT INTO sys_menu_api_rule (sys_menu_menu_id, sys_api_id) VALUES (11, 151);
INSERT INTO sys_menu_api_rule (sys_menu_menu_id, sys_api_id) VALUES (30, 154);
INSERT INTO sys_menu_api_rule (sys_menu_menu_id, sys_api_id) VALUES (12, 156);
INSERT INTO sys_menu_api_rule (sys_menu_menu_id, sys_api_id) VALUES (26, 176);
INSERT INTO sys_menu_api_rule (sys_menu_menu_id, sys_api_id) VALUES (36, 219);
